,DNA
0,TACATTATATTTTATTTTTGGAATTTGATCAGGTATATTAGGGATATCCATAAGAATACTAATTCGAATCGAACTTGCAGCCCCAGGTTCTCTAATTGGTAACGATCAAATCTATAATGTAATTGTTACAGCTCANGCTTTTATCATAATTTTTTTTATAGTTATACCTATTATAATTGGAGGATTTGGNAATTGACTTATTCCCTTAATAATTGGAGCCCCTGATATAGCATTTCCTCGTATAAATAATATAAGATTTTGACTTTTACC----------------------------------------------------------------------------------------------------------------------------------------------------------------------------------------------------------------------------------------------------------------------------------------------------------------------------------------------------------------------------------------------------
1,TACATTATATTTTATTTTTGGAATTTGATCGGGTATATTAGGGATATCCATAAGAATACTAATTCGAGTCGAACTTGCAGCCCCAGGTTCTCTAATTGGTAACGATCAAATCTATAATGTAATTGTTACAGCTCACGCTTTTATCATAATTTTTTTTATAGTTATACCTATTATAATTGGAGGATTTGGTAATTGACTTATTCCCCTAATAATTGGAGCCCCTGATATAGCATTTCCTCGTATAAATAATATAAGATTTTGACTTTTACCGCCCTCCTTATTCCTTTTAATTATAAGAAGAATTATCGAAAATGGAGCCGGTACTGGATGAACGGTTTACCCCCCTCTTTCATCTAATATTTCTCATGCCGGAGCATCTGTTGATTTGACAATCTTTAGGTTACACTTGGCTGGTATCTCCTCAATCCTAGGAGCAATTAATTTTATCACAACAGTAATTAATATACGACCCAAAGGAATAACACTAGATCGATTACCATTGTTTGTTTGAGCTGTTCTAATTACAGCTATTCTTTTATTACTCTCATTACCAGTTTTAGCAGGAGCTATTACAATACTTCTTACTGATCGAAACCTAAATACTTCTTTTTTTGACCCAATAGGAGGAGGAGACCCAATCCTATACCAACACTTATTT
2,TACATTATATTTTATTTTTGGAATTTGATCGGGTATATTAGGGATATCCATAAGAATACTAATTCGAGTCGAACTTGCAGCCCCAGGTTCTCTAATTGGTAACGATCAAATCTATAATGTAATTGTTACAGCTCACGCTTTTATCATAATTTTTTTTATAGTTATGCCTATTATAATTGGAGGATTTGGTAATTGACTTATTCCCCTAATAATTGGAGCCCCTGATATAGCATTTCCTCGTATAAATAATATAAGATTTTGACTTTTACCACCCTCCTTATTCCTTTTAATTATAAGAAGAATTATCGAAAATGGAGCCGGTACTGGATGAACGGTTTACCCCCCTCTTTCATCTAATATTTCTCATGCTGGAGCATCTGTTGATTTGACAATCTTTAGGCTACACTTGGCTGGTATCTCTTCAATCCTAGGAGCAATTAATTTTATCACAACAGTAATTAATATACGACCCAAAGGAATAACACTAGATCGATTACCATTGTTTGTTTGAGCTGTTCTAATTACAGCTATTCTTTTATTACTCTCATTACCAGTTTTAGCAGGAGCTATTACAATACTTCTTACTGATCGAAACCTAAATACTTCTTTTTTTGACCCAATAGGAGGAGGAGACCCAATCCTATACCAACACTTATTT
3,TACATTATATTTTATTTTTGGAATTTGATCGGGTATATTAGGGATATCCATAAGAATACTAATTCGAGTCGAACTTGCAGCCCCAGGTTCTCTAATTGGTAACGATCAAATCTATAATGTAATTGTTACAGCTCACGCTTTTATCATAATTTTTTTTATAGTTATACCTATTATAATTGGAGGATTTGGTAATTGACTTATTCCCCTAATAATTGGAGCCCCTGATATAGCATTTCCTCGTATAAATAATATAAGATTTTGACTTTTACCGCCCTCCTTATTCCTTTTAATTATAAGAAGAATTATCGAAAATGGAGCCGGTACTGGATGAACGGTTTACCCCCCTCTTTCATCTAATATTTCTCATGCCGGAGCATCTGTTGATTTGACAATCTTTAGGTTACACTTGGCTGGTATCTCCTCAATCCTAGGAGCAATTAATTTTATCACAACAGTGATTAATATACGACCCAAAGGAATAACACTAGATCGATTACCATTGTTTGTTTGAGCTGTTCTAATTACAGCTATTCTTTTATTACTCTCATTACCAGTTTTAGCAGGAGCTATTACAATACTTCTTACTGATCGAAACCTAAATACTTCTTTTTTTGACCCAATAGGAGGAGGAGACCCAATCCTATACCAACACTTATTT
4,TACATTATATTTTATTTTTGGAATTTGATCGGGTATATTAGGGATATCCATAAGAATACTAATTCGAGTCGAACTTGCAGCCCCAGGTTCTCTAATTGGTAACGATCAAATCTATAATGTAATTGTTACAGCTCACGCTTTTATCATAATTTTTTTTATAGTTATGCCTATTATAATTGGAGGATTTGGTAATTGACTTATTCCCCTAATAATTGGAGCCCCTGATATAGCATTTCCTCGTATAAATAATATAAGATTTTGACTTTTACCACCCTCCTTATTCCTTTTAATTATAAGAAGAATTATCGAAAATGGAGCCGGTACTGGATGAACGGTTTACCCCCCTCTTTCATCTAATATTTCTCATGCTGGAGCATCTGTTGATTTGACAATCTTTAGGCTACACTTGGCTGGTATCTCTTCAATCCTAGGAGCAATTAATTTTATCACAACAGTAATTAATATACGACCCAAAGGAATAACACTAGATCGATTACCATTGTTTGTTTGAGCTGTTCTAATTACAGCTATTCTTTTATTACTCTCATTACCAGTTTTAGCAGGAGCTATTACAATACTTCTTACTGATCGAAACCTAAATACTTCTTTTTTTGACCCAATAGGAGGAGGAGACCCAATCCTATACCAACACTTATTT
5,-----------------------------TACATTATATTTTATTTTTGGAATTTGATCGGGTATATTAGGGATATCCATAAGAATACTAATTCGAGTCGAACTTGCAGCCCCAGGTTCTCTAATTGGTAACGATCAAATCTATAATGTAATTGTTACAGCTCACGCTTTTATCATAATTTTTTTTATAGTTATACCTATTATAATTGGAGGATTTGGTAATTGACTTATTCCCCTAATAATTGGAGCCCCTGATATAGCATTTCCTCGTATAAATAATATAAGATTTTGACTTTTACCGCCCTCCTTATTCCTTTTAATTATAAGAAGAATTATCGAAAATGGAGCCGGTACTGGATGAACGGTTTACCCCCCTCTTTCATCTAATATTTCTCATGCCGGAGCATCTGTTGATTTGACAATCTTTAGGTTACACTTGGCTGGTATCTCCTCAATCCTAGGAGCAATTAATTTTATCACAACAGTAATTAATATACGACCCAAAGGAATAACACTAGATCGATTACCATTGTTTGTTTGAGCTGTTCTAATTACAGCTATTCTTTTATTACTCTCATTACCAGTTTTAGCAGGAGCTATTACAATACTTCTTACTGATCGAAACCTAAATACTTCTTTTTTTGACCTCAAAGGAGGAGGAGACCCA-----------------------------------------
6,-ACATTATATTTTATTTTTGGAATTTGATCGGGTATATTAGGGATATCCATAAGAATACTAATTCGAGTCGAACTTGCAGCCCCAGGTTCTCTAATTGGTAACGATCAAATCTATAATGTAATTGTTACAGCTCACGCTTTTATCATAATTTTTTTTATAGTTATACCTATTATAATTGGAGGATTTGGTAATTGACTTATTCCCCTAATAATTGGAGCCCCTGATATAGCATTTCCTCGTATAAATAATATAAGATTTTGACTTTTACCACCCTCCTTATTCCTTTTAATTATAAGAAGAATTATCGAAAATGGAGCCGGTACTGGATGAACGGTTTACCCCCCTCTTTCATCTAATATTTCTCATGCCGGAGCATCTGTTGATTTGACAATCTTTAGGCTACACTTGGCTGGTATCTCTTCAATCCTAGGAGCAATTAATTTTATCACAACAGTAATTAATATACGACCCAAAGGAATAACACTAGATCGATTACCATTGTTTGTTTGAGCTGTTCTAATTACAGCTATTCTTTTATTACTCTCATTACCAGTTTTAGCAGGGGCTATTACAATACTTCTTACTGATCGAAACCTAAATACTTCTTTTTTTGACCCAATAGGAGGAGGAGACCCAATCCTATACCAACACTTATTT
7,AACTTTATACATTATTTTTGGTGCTTGATCCGGTATAGTCGGGACATCTCTAAGAATGCTTATTCGAGCTGAATTAGGACGACCAGGAACATTTATTGGTGATGACCAAATTTATAATGTTGTAGTAACAGCACATGCTTTTATTATAATTTTTTTCATAGTAATGCCAATTTTAATTGGAGGATTCGGAAATTGATTAGTACCTCTTATACTAGGAGCTCCTGATATGGCTTTTCCCCGAATAAATAATATAAGTTTTTGACTTTTACCTCCTTCTCTTACTCTTCTTCTTTCAAGTTCATTCGTAGAAAATGGGGCAGGAACTGGATGAACAGTTTATCCACCGTTATCTGCGGCTATTGCCCACAGAGGGGCCTCAGTTGACTTAGCTATTTTTTCTTTACATTTAGCGGGAGTTTCTTCAATTCTTGGTTCAGTAAATTTCATTACTACAGTAATTAATATGCGAGCCAATGGAATTACATTAGATCGAATACCTTTATTTGTGTGATCCGTTGTAATTACAACTGTTCTTTTATTATTATCACTTCCTGTATTAGCAGGAGCCATTACAATATTATTAACAGATCGAAATTTAAATACATCATTTTTTGACCCCGCAGGTGGGGGAGACCCTATTCTTTATCAACATTTATTT
8,AACTTTATACATTATTTTTGGTGCTTGATCCGGTATAGTCGGGACATCTCTAAGAATGCTTATTCGAGCTGAATTAGGACGACCAGGGACATTTATTGGTGATGACCAAATTTATAATGTTGTAGTAACAGCACATGCTTTTATTATAATTTTTTTCATAGTAATGCCAATTTTAATTGGGGGATTCGGAAATTGATTAGTACCTCTTATACTAGGAGCTCCTGATATAGCTTTCCCCCGAATAAATAATATAAGTTTTTGACTTTTACCCCCTTCTCTTACGCTTCTTCTTTCAAGTTCATTCGTAGAAAATGGAGCAGGAACTGGATGAACAGTTTATCCACCATTATCTGCAGCTATTGCTCACAGAGGGGCCTCAGTTGACTTAGCTATTTTTTCTTTACATTTAGCGGGGGTTTCTTCAATTCTCGGTTCAGTAAATTTCATTACTACAGTAATTAATATGCGAGCCAATGGAATTACATTAGATCGAATACCTTTATTTGTGTGATCCGTTGTAATTACAACTGTTCTTTTATTATTATCACTTCCTGTATTAGCAGGGGCCATTACAATATTATTAACAGATCGAAATTTAAATACATCATTTTTTGACCCCGCAGGTGGGGGAGACCCTATTCTTTATCAACATTTATTT
9,AACTTTATACATTATTTTTGGTGCTTGATCCGGTATAGTCGGGACATCTCTAAGAATGCTTATTCGAGCTGAATTAGGACGACCAGGGACATTTATTGGTGATGACCAAATTTATAATGTTGTAGTAACAGCACATGCTTTTATTATAATTTTTTTCATAGTAATGCCAATTTTAATTGGGGGATTCGGAAATTGATTAGTACCTCTTATACTAGGAGCTCCTGATATGGCTTTCCCCCGAATAAATAATATAAGTTTTTGACTTTTACCACCTTCTCTTACTCTTCTTCTTTCAAGTTCATTCGTAGAAAATGGAGCAGGAACTGGATGAACAGTTTATCCACCGTTATCTGCGGCTATTGCCCACAGAGGGGCCTCAGTTGACTTAGCTATTTTTTCTTTACATTTAGCGGGAGTTTCTTCAATTCTTGGTTCAGTAAATTTCATTACTACAGTAATTAATATGCGAGCCAATGGAATTACATTAGATCGAATACCTTTATTTGTGTGATCCGTTGTAATTACAACTGTTCTTTTATTATTATCACTACCTGTATTAGCAGGAGCCATTACAATATTATTAACAGATCGAAATTTAAATACATCATTTTTTGACCCTGCAGGTGGGGGAGATCCTATTCTTTATCAACATTTATTT
10,--AACTTTATACATTATTTTTGGAGCTTGATCCGGAATGGTAGGAACATCTCTTAGAATGCTTATTCGAGCAGAATTAGGACGTCCTGGAACATTTATTGGTGACGACCAAATTTATAATGTTGTAGTAACTGCACACGCTTTTATTATAATTTTTTTCATAGTTATACCAATTTTAATTGGGGGATTCGGAAATTGACTAGTACCTCTAATATTAGGGGCTCCAGATATGGCTTTCCCTCGAATAAATAATATAAGTTTTTGACTTCTTCCTCCTTCTTTAACTCTCCTACTTTCTAGTTCATTCGTAGAAAATGGAGCAGGAACAGGTTGAACTGTTTATCCTCCTCTTTCAGCAGCAATTGCTCATAGTGGAGCTTCTGTTGATTTAGCTATTTTTTCTCTACATTTAGCAGGTATTTCTTCAATTTTAGGTTCTGTAAATTTTATTACAACAGTAATTAATATACGAGCAAATGGAATTACTTTAGATCGAATACCTCTATTTGTATGATCAGTTGTAATTACAACTGTTCTTTTACTATTATCTTTACCTGTATTAGCTGGGGCTATTACTATACTATTAACTGATCGAAATTTAAATACATCATTTTTCGATCCAGCGGGAGGAGGTGACCCTATTCTTTACCAACACTTATTC
11,AACTTTATACATTATTTTTGGTGCTTGATCCGGTATAGTCGGGACATCTCTAAGAATGCTTATTCGAGCTGAATTAGGACGACCAGGAACATTTATTGGTGATGACCAAATTTATAATGTTGTAGTAACAGCACATGCTTTTATTATAATTTTTTTCATAGTAATGCCAATTTTAATTGGAGGATTCGGAAATTGATTAGTACCTCTTATACTAGGAGCTCCTGATATGGCTTTTCCCCGAATAAATAATATAAGTTTTTGACTTTTACCTCCTTCTCTTACTCTTCTTCTTTCAAGTTCATTCGTAGAAAATGGGGCAGGAACTGGATGAACAGTTTATCCACCGTTATCTGCGGCTATTGCCCACAGAGGGGCCTCAGTTGACTTAGCTATTTTTTCTTTACATTTAGCGGGAGTTTCTTCAATTCTTGGTTCAGTAAATTTCATTACTACAGTAATTAATATGCGAGCCAATGGAATTACATTAGATCGAATACCTTTATTTGTGTGATCCGTTGTAATTACAACTGTTCTTTTATTATTATCACTTCCTGTATTAGCAGGAGCCATTACAATATTATTAACAGATCGAAATTTAAATACATCATTTTTTGACCCCGCAGGTGGGGGAGACCCTATTCTTTATCAACATTTATTT
12,AACTTTATACATTATTTTTGGTGCTTGATCCGGTATAGTCGGGACATCTCTAAGAATGCTTATTCGAGCTGAATTAGGACGACCAGGGACATTTATTGGTGATGACCAAATTTATAATGTTGTAGTAACAGCGCATGCTTTTATTATAATTTTTTTCATAGTAATGCCAATTTTAATTGGGGGATTCGGAAATTGATTAGTACCTCTTATACTAGGAGCTCCTGATATGGCTTTCCCCCGAATAAATAATATAAGTTTTTGACTTTTACCACCTTCTCTTACTCTTCTTCTTTCAAGTTCATTCGTAGAAAATGGAGCAGGAACTGGATGAACAGTTTATCCACCGTTATCTGCGGCTATTGCCCACAGAGGGGCCTCAGTTGACTTAGCTATTTTTTCTTTACATTTAGCGGGAGTTTCTTCAATTCTTGGTTCAGTAAATTTCATTACTACAGTAATTAATATGCGAGCCAATGGAATTACATTAGATCGAATACCTTTATTTGTGTGGTCCGTTGTAATTACAACTGTTCTTTTATTATTATCACTACCTGTATTAGCAGGAGCCATTACAATATTATTAACAGATCGAAATTTAAATACATCATTTTTTGACCCTGCAGGTGGGGGAGATCCTATTCTTTATCAACATTTATTT
13,AACTTTATACATTATTTTTGGTGCTTGATCCGGTATAGTCGGGACATCTCTAAGAATGCTTATTCGAGCTGAATTAGGACGACCAGGGACATTTATTGGTGATGACCAAATTTATAATGTTGTAGTAACAGCACATGCTTTTATTATAATTTTTTTCATAGTAATGCCAATTTTAATTGGGGGATTCGGAAATTGATTAGTACCTCTTATACTAGGAGCTCCTGATATGGCTTTCCCCCGAATAAATAATATAAGTTTTTGACTTTTACCACCTTCTCTTACTCTTCTTCTTTCAAGTTCATTCGTAGAAAATGGAGCAGGAACTGGATGAACAGTTTATCCACCGTTATCTGCGGCTATTGCCCACAGAGGGGCCTCAGTTGACTTAGCTATTTTTTCTTTACATTTAGCGGGAGTTTCTTCAATTCTTGGTTCAGTAAATTTCATTACTACAGTAATTAATATGCGAGCCAATGGAATTACATTAGATCGAATACCTTTATTTGTGTGATCCGTTGTAATTACAACTGTTCTTTTATTATTATCACTACCTGTATTAGCAGGAGCCATTACAATATTATTAACAGATCGAAATTTAAATACATCATTTTTTGACCCTGCAGGTGGGGGAGATCCTATTCTTTATCAACATTTATTT
14,AACTTTATACATTATTTTTGGTGCTTGATCCGGTATAGTCGGGACATCTCTAAGAATGCTTATTCGAGCTGAATTAGGACGACCAGGGACATTTATTGGTGATGACCAAATTTATAATGTTGTAGTAACAGCGCATGCTTTTATTATAATTTTTTTCATAGTAATGCCAATTTTAATTGGGGGATTCGGAAATTGATTAGTACCTCTTATACTAGGAGCTCCTGATATGGCTTTCCCCCGAATAAATAATATAAGTTTTTGACTTTTACCACCTTCTCTTACTCTTCTTCTTTCAAGTTCATTCGTAGAAAATGGAGCAGGAACTGGATGAACAGTTTATCCACCGTTATCTGCGGCTATTGCCCACAGAGGGGCCTCAGTTGACTTAGCTATTTTTTCTTTACATTTAGCGGGAGTTTCTTCAATTCTTGGTTCAGTAAATTTCATTACTACAGTAATTAATATGCGAGCCAATGGAATTACATTAGATCGAATACCTTTATTTGTGTGGTCCGTTGTAATTACAACTGTTCTTTTATTATTATCACTACCTGTATTAGCAGGAGCCATTACAATATTATTAACAGATCGAAATTTAAATACATCATTTTTTGACCCTGCAGGTGGGGGAGATCCTATTCTTTATCAACATTTATTT
15,AACTTTATACATTATTTTTGGTGCTTGATCCGGTATAGTCGGGACATCTCTAAGAATGCTTATCCGAGCTGAATTAGGACGACCAGGGACATTTATTGGTGATGACCAAATTTATAATGTTGTAGTAACAGCACATGCTTTTATTATAATTTTTTTCATAGTAATGCCAATTTTAATTGGGGGATTCGGAAATTGATTAGTACCTCTTATACTAGGAGCTCCTGATATGGCTTTCCCCCGAATAAATAATATAAGTTTTTGACTTTTACCACCTTCTCTTACTCTTCTTCTTTCAAGTTCATTCGTAGAAAATGGAGCAGGAACTGGATGAACAGTTTATCCACCGTTATCTGCAGCTATTGCCCACAGAGGGGCCTCAGTTGACTTAGCTATTTTTTCTTTACATTTAGCGGGAGTTTCTTCAATTCTTGGTTCAGTAAATTTCATTACTACAGTAATTAATATGCGAGCCAATGGAATTACATTAGATCGAATACCTTTATTTGTGTGATCCGTTGTAATTACAACTGTTCTTTTATTATTATCACTACCTGTATTAGCAGGAGCCATTACAATATTATTAACAGATCGAAATTTAAATACATCATTTTTTGACCCTGCAGGTGGGGGAGATCCTATTCTTTATCAACATTTATTT
16,AACTTTATACATTATTTTTGGAGCTTGATCCGGAATGGTAGGAACATCTCTTAGAATGCTTATTCGAGCAGAATTAGGACGTCCTGGAACATTTATTGGTGACGACCAAATTTATAATGTTGTAGTAACTGCACACGCTTTTATTATAATTTTTTTCATAGTTATACCAATTTTAATTGGGGGATTCGGAAATTGACTAGTACCTCTAATATTAGGGGCTCCAGATATGGCTTTCCCTCGAATAAATAATATAAGTTTTTGACTTCTTCCTCCTTCTTTAACTCTCCTACTTTCTAGTTCATTCGTAGAAAATGGGGCAGGAACAGGTTGAACTGTTTATCCTCCTCTTTCAGCAGCAATTGCTCATAGTGGAGCTTCTGTTGATTTAGCTATCTTTTCTCTACATTTAGCAGGTATTTCTTCAATTTTAGGTTCTGTAAATTTTATTACAACAGTAATTAATATACGAGCAAATGGGATTACTTTAGATCGAATACCCCTATTTGTATGATCAGTTGTAATTACAACTGTTCTTTTACTATTATCTTTACCTGTATTAGCTGGGGCTATTACTATACTATTAACTGATCGAAATTTAAATACATCATTTTTCGATCCAGCGGGAGGGGGTGATCCTATTCTTTACCAACACTTATTC
17,AACTTTATACATTATTTTTGGTGCTTGATCCGGTATAGTCGGGACATCTCTAAGAATGCTTATTCGAGCTGAATTAGGACGACCAGGGACATTTATTGGTGATGACCAAATTTATAATGTTGTAGTAACAGCGCATGCTTTTATTATAATTTTTTTCATAGTAATGCCAATTTTAATTGGGGGATTCGGAAATTGATTAGTACCTCTTATACTAGGAGCTCCTGATATGGCTTTCCCCCGAATAAATAATATAAGTTTTTGACTTTTACCACCTTCTCTTACTCTTCTTCTTTCAAGTTCATTCGTAGAAAATGGAGCAGGAACTGGATGAACAGTTTATCCACCGTTATCTGCGGCTATTGCCCACAGAGGGGCCTCAGTTGACTTAGCTATTTTTTCTTTACATTTAGCGGGAGTTTCTTCAATTCTTGGTTCAGTAAATTTCATTACTACAGTAATTAATATGCGAGCCAATGGAATTACATTAGATCGAATACCTTTATTTGTGTGGTCCGTTGTAATTACAACTGTTCTTTTATTATTATCACTACCTGTATTAGCAGGAGCCATTACAATATTATTAACAGATCGAAATTTAAATACATCATTTTTTGACCCTGCAGGTGGGGGAGATCCTATTCTTTATCAACATTTATTT
18,------------------------------------AATTGGTTCTTCATTAAGAATAATTATTCGTATAGAATTAAGTTCACCTGGTATATGAATTAATAATGATCAAATTTATAATTCTATTGTTACAGCACATGCTTTTATTATAATTTTTTTTATAGTAATACCTTTTTTAATTGGTGGATTTGGAAATTGATTAATTCCTTTAATAATTGGTGCACCTGATATAGCTTTTCCTCGAATAAATAATATAAGATTTTGATTATTACCTCCTTCTTTAATTTTATTATTATTAAGAAGAATATTATATTCTGGTAGAGGTACAGGATGAACAGTTTATCCTCCTTTATCTTCTTTAATATATCATCCTTCTTTATCTGTAGATTTAACAATTTTTTCTTTACATATTGCAGGTATTTCATCAATTATAGGATCAATAAATTTTATTGTAACAATTTTAAATATAAAAAATTATAATTTAAATTATGATCAATTATCATTATTTTCATGATCAGTTTTTATTACAACAATTTTATTATTATTATCTTTACCTGTATTAGCAGGAGCAATTACAATATTATTAACTGATCGTAATTTAAATACTTCTTTTTTTGATCCTTCTGGAGGAGGAGATCCTATTCTTTATCAACATTTATTT
19,AATATTATATTTTATTTTTGCTATATGAACAGGTATAATTGGTTCTTCATTAAGAATAATTATTCGTATAGAATTAAGTTCACCTGGTATATGAATTAATAATGATCAAATTTATAATTCTATTGTTACAGCACATGCTTTTATTATAATTTTTTTTATAGTAATACCTTTTTTAATTGGTGGATTTGGAAATTGATTAATTCCTTTAATAATTGGTGCACCTGATATAGCTTTTCCTCGAATAAATAATATAAGATTTTGATTATTACCTCCTTCTTTAATTTTATTATTATTAAGAAGAATATTATATTCTGGTAGAGGTACAGGATGAACAGTTTATCCTCCTTTATCTTCTTTAATATATCATCCTTCTTTATCTGTAGATTTAACAATTTTTTCTTTACATATTGCAGGTATTTCATCAATTATAGGATCAATAAATTTTATTGTAACAATTTTAAATATAAAAAATTATAATTTNAATTATGATCAATTATCATTATTTTCATGATCAGTTTTTATTACAACAATTTTATTATTATTATCTTTACCTGTATTAGCAGGAGCAATTACAATATTATTAACTGATCGTAATTTAAATACTTCTTTTTTTGATCCTTCTGGAGGAGGAGATCCTATTCTTTATCAACATTTATTT
20,AATATTATATTTTATTTTTGCTATATGAACAGGTATAATTGGTTCTTCATTAAGAATAATTATTCGTATAGAATTAAGTTCACCTGGTATATGAATTAATAATGATCAAATTTATAATTCTATTGTTACNGCACATGCTTTTATTATAATTTTTTTTATAGTAATACCTTTTTTAATTGGNGGATTTGGAAATTGATTAATTCCTTTAATAATTGGTGCACCTGATATAGCTTTTCCTCGAATAAATAATATAAGATTTTGATTATTACCTCCTTCTTTAATTTTATTATTATTAAGAAGAATATTATATTCTGGTAGAGGTACAGGATGAACAGTTTATCCTCCTTTATCTTCTTTAATATATCATCCTTCTTTATCTGTAGATTTAACAATTTTTTCTTTACATATTGCAGGTATTTCATCAATTATAGGATCAATAAATTTTATTGTAACAATTTTAAATATAAAAAATTATAATTTAAATTATGATCAATTATCATTATTTTCATGATCAGTTTTTATTACAACAATTTTATTATTATTATCTTTACCTGTATTAGCAGGAGCAATTACAATATTATTAACTGATCGTAATTTAAATACTTCTTTTTTTGATCCTTCTGGAGGAGGAGATCCTATTCTTTATCAACATTTATTT
21,AATATTATATTTTATTTTTGCTATATGAACAGGTATAATTGGTTCTTCATTAAGAATAATTATTCGTATAGAATTAAGTTCACCTGGTATATGAATTAATAATGATCAAATTTATAATTCTATTGTTACTGCACATGCTTTTATTATAATTTTTTTTATAGTAATACCTTTTTTAATTGGAGGATTTGGAAATTGATTAATTCCTTTAATAATTGGTGCACCTGATATAGCTTTTCCTCGAATAAATAATATAAGATTTTGATTATTACCTCCTTCTTTAATTTTATTATTATTAAGAAGAATATTATATTCTGGTAGAGGTACAGGATGAACAGTTTATCCTCCTTTATCTTCTTTAATATATCATCCTTCTTTATCTGTAGATTTAACAATTTTTTCTTTACATATTGCAGGTATTTCATCAATTATAGGATCAATAAATTTTATTGTAACAATTTTAAATATAAAAAATTATAATTTAAATTATGATCAATTATCATTATTTTCATGATCAGTTTTTATTACAACAATTTTATTATTATTATCTTTACCTGTATTAGCAGGAGCAATTACAATATTATTAACTGATCGTAATTTAAATACTTCTTTTTTTGATCCTTCTGGAGGAGGAGATCCTATTCTTTATCAACATTTATTT-----------------
22,AATATTATATTTTATTTTTGCTATATGAACAGGTATAATTGGTTCTTCATTAAGAATAATTATTCGTATAGAATTAAGTTCACCTGGTATATGAATTAATAATGATCAAATTTATAATTCTATTGTTACAGCACATGCTTTTATTATAATTTTTTTTATAGTAATACCTTTTTTAATTGGTGGATTTGGAAATTGATTAATTCCTTTAATAATTGGTGCACCTGATATAGCTTTTCCTCGAATAAATAATATAAGATTTTGATTATTACCTCCTTCTTTAATTTTATTATTATTAAGAAGAATATTATATTCTGGTAGAGGTACAGGATGAACAGTTTATCCTCCATTATCTTCTTTAATATATCATCCTTCTTTATCTGTAGATTTAACAATTTTTTCTTTACATATTGCAGGTATTTCATCAATTATAGGATCAATAAATTTTATTGTAACAATTTTAAATATAAAAAATTATAATTTAAATTATGATCAATTATCATTATTTTCATGATCAGTTTTTATTACAACAATTTTATTATTATTATCTTTACCTGTATTAGCAGGAGCAATTACAATATTATTAACTGATCGTAATTTAAATACTTCTTTTTTTGATCCTTCTGGAGGAGGAGATCCTATTCTTTATCAACATTTATTT
23,AATATTATATTTTATTTTTGCTATATGAACAGGTATAATTGGTTCTTCATTAAGAATAATTATTCGTATAGAATTAAGTTCACCTGGTATATGAATTAATAATGATCAAATTTATAATTCTATTGTTACAGCACATGCTTTTATTATAATTTTTTTTATAGTAATACCTTTTTTAATTGGTGGATTTGGAAATTGATTAATTCCTTTAATAATTGGTGCACCTGATATAGCTTTTCCTCGAATAAATAATATAAGATTTTGATTATTACCTCCTTCTTTAATTTTATTATTATTAAGAAGAATATTATATTCTGGTAGAGGTACAGGATGAACAGTTTATCCTCCATTATCTTCTTTAATATATCATCCTTCTTTATCTGTAGATTTAACAATTTTTTCTTTACATATTGCAGGTATTTCATCAATTATAGGATCAATAAATTTTATTGTAACAATTTTAAATATAAAAAATTATAATTTAAATTATGATCAATTATCATTATTTTCATGATCAGTTTTTATTACAACAATTTTATTATTATTATCTTTACCTGTATTAGCAGGAGCAATTACAATATTATTAACTGATCGTAATTTAAATACTTCTTTTTTTGATCCTTCTGGAGGAGGAGATCCTATTCTTTATCAACATTTATTT
24,AATATTATATTTTATTTTTGCTATATGAACAGGTATAATTGGTTCTTCATTAAGAATAATTATTCGTATAGAATTAAGTTCACCTGGTATATGAATTAATAATGATCAAATTTATAATTCTATTGTTACAGCACATGCTTTTATTATAATTTTTTTTATAGTAATACCTTTTTTAATTGGTGGATTTGGAAATTGATTAATTCCTTTAATAATTGGTGCACCTGATATAGCTTTTCCTCGAATAAATAATATAAGATTTTGATTATTACCTCCTTCTTTAATTTTATTATTATTAAGAAGAATATTATATTCTGGTAGAGGTACAGGATGAACAGTTTATCCTCCATTATCTTCTTTAATATATCATCCTTCTTTATCTGTAGATTTAACAATTTTTTCTTTACATATTGCAGGTATTTCATCAATTATAGGATCAATAAATTTTATTGTAACAATTTTAAATATAAAAAATTATAATTTAAATTATGATCAATTATCATTATTTTCATGATCAGTTTTTATTACAACAATTTTATTATTATTATCTTTACCTGTATTAGCAGGAGCAATTACAATATTATTAACTGATCGTAATTTAAATACTTCTTTTTTTGATCCTTCTGGAGGAGGAGATCCTATTCTTTATCAACATTTATTT
25,AATATTATATTTTATTTTTGCTATATGAACAGGTATAATTGGTTCTTCATTAAGAATAATTATTCGTATAGAATTAAGTTCACCTGGTATATGAATTAATAATGATCAAATTTATAATTCTATTGTTACNGCACATGCTTTTATTATAATTTTTTTTATAGTAATACCTTTTTTAATTGGNGGATTTGGAAATTGATTAATTCCTTTAATAATTGGTGCACCTGATATAGCTTTTCCTCGAATAAATAATATAAGATTTTGATTATTACCTCCTTCTTTAATTTTATTATTATTAAGAAGAATATTATATTCTGGTAGAGGTACAGGATGAACAGTTTATCCTCCNTTATCTTCTTTAATATATCATCCTTCTTTATCTGTAGATTTAACAATTTTTTCTTTACATATTGCAGGTATTTCATCAATTATAGGATCAATAAATTTTATTGTAACAATTTTAAATATAAAAAATTATAATTTAAATTATGATCAATTATCATTATTTTCATGATCAGTTTTTATTACAACAATTTTATTATTATTATCTTTACCTGTATTAGCAGGAGCAATTACAATATTATTAACTGATCGTAATTTAAATAC-------------------------------------------------------
26,----------------------------------------------TCATTAAGAATAATTATTCGTATAGAATTAAGTTCACCTGGTATATGAATTAATAATGATCAAATTTATAATTCTATTGTTACAGCACATGCTTTTATTATAATTTTTTTTATAGTAATACCTTTTTTAATTGGAGGATTTGGAAATTGATTAATTCCTTTAATAATTGGTGCACCTGATATAGCTTTTCCTCGAATAAATAATATAAGATTTTGATTATTACCTCCTTCTTTAATTTTATTATTATTAAGAAGAATATTATATTCTGGTAGAGGTACAGGATGAACAGTTTATCCTCCTTTATCTTCTTTAATATATCATCCTTCTTTATCTGTAGATTTAACAATTTTTTCTTTACATATTGCAGGTATTTCATCAATTATAGGATCAATAAATTTTATTGTAACAATTTTAAATATAAAAAATTATAATTTGAATTATGATCAATTATCATTATTTTCATGATCAGTTTTTATTACAACAATTTTATTATTATTATCTTTACCTGTATTAGCAGGAGCAATTACAATATTATTAACTGATCGTAATTTAAATACTTCTTTTTTTGATCCTTCTGGAGGAGGAGATCCTATTCTTTATCAACATTTATTT
27,----------------------------------------------------------------------------------------------------------------------------------------------------------------------------------------------------------------------------------------TTTCCTCGAATAAATAATATAAGATTTTGATTATTACCTCCTTCTTTAATTTTATTATTATTAAGAAGAATATTATATTCTGGTAGAGGTACAGGATGAACAGTTTATCCTCCATTATCTTCTTTAATATATCATCCTTCTTTATCTGTAGATTTAACAATTTTTTCTTTACATATTGCAGGTATTTCATCAATTATAGGATCAATAAATTTTATTGTAACAATTTTAAATATAAAAAATTATAATTTAAATTATGATCAATTATCATTATTTTCATGATCAGTTTTTATTACAACAATT------------------------------------------------------------------------------------------------------------------------------
28,AATATTATATTTTATTTTTGCTATATGAACAGGTATAATTGGTTCTTCATTAAGAATAATTATTCGTATAGAATTAAGTTCACCTGGTATATGAATTAATAATGATCAAATTTATAATTCTATTGTTACAGCACATGCTTTTATTATAATTTTTTTTATAGTAATACCTTTTTTAATTGGTGGATTTGGAAATTGATTAATTCCTTTAATAATTGGTGCACCTGATATAGCTTTTCCTCGAATAAATAATATAAGATTTTGATTATTACCTCCTTCTTTAATTTTATTATTATTAAGAAGAATATTATATTCTGGTAGAGGTACAGGATGAACAGTTTATCCTCCTTTATCTTCTTTAATATATCATCCTTCTTTATCTGTAGATTTAACAATTTTTTCTTTACATATTGCAGGTATTTCATCAATTATAGGATCAATAAATTTTATTGTAACAATTTTAAATATAAAAAATTATAATTTNAATTATGATCAATTATCATTATTTTCATGATCAGTTTTTATTACAACAATTTTATTATTATTATCTTTACCTGTATTAGCAGGAGCAATTACAATATTATTAACTGATCGTAATTTAAATACTTCTTTTTTTGATCCTTCTGGAGGAGGAGATCCTATTCTTTATCAACATTTATTT
29,AATATTATATTTTATTTTTGCTATATGAACAGGTATAATTGGTTCTTCATTAAGAATAATTATTCGTATAGAATTAAGTTCACCTGGTATATGAATTAATAATGATCAAATTTATAATTCTATTGTTACAGCACATGCTTTTATTATAATTTTTTTTATAGTAATACCTTTTTTAATTGGTGGATTTGGAAATTGATTAATTCCTTTAATAATTGGTGCACCTGATATAGCTTTTCCTCGAATAAATAATATAAGATTTTGATTATTACCTCCTTCTTTAATTTTATTATTATTAAGAAGAATATTATATTCTGGTAGAGGTACAGGATGAACAGTTTATCCTCCATTATCTTCTTTAATATATCATCCTTCTTTATCTGTAGATTTAACAATTTTTTCTTTACATATTGCAGGTATTTCATCAATTATAGGATCAATAAATTTTATTGTAACAATTTTAAATATAAAAAATTATAATTTAAATTATGATCAATTATCATTATTTTCATGATCAGTTTTTATTACAACAATTTTATTATTATTATCTTTACCTGTATTAGCAGGAGCAATTACAATATTATTAACTGATCGTAATTTAAATACTTCTTTTTTTGATCCTTCTGGAGGAGGAGATCCTATTCTTTATCAACATTTATTT
30,AATATTATATTTTATTTTTGCTATATGAACAGGTATAATTGGTTCTTCATTAAGAATAATTATTCGTATAGAATTAAGTTCACCTGGTATATGAATTAATAATGATCAAATTTATAATTCTATTGTTACAGCACATGCTTTTATTATAATTTTTTTTATAGTAATACCTTTTTTAATTGGTGGATTTGGAAATTGATTAATTCCTTTAATAATTGGTGCACCTGATATAGCTTTTCCTCGAATAAATAATATAAGATTTTGGTTATTACCTCCTTCTTTAATTTTATTATTGTTAAGAAGAATATTATATTCTGGTAGAGGTACAGGATGAACAGTTTATCCTCCTTTATCTTCTTTAATATATCATCCTTCTTTATCTGTAGATTTAACAATTTTTTCTTTACATATTGCAGGTATTTCATCAATTATAGGATCAATAAATTTTATTGTAACAATTTTAAATATAAAAAATTATAATTTGAATCATGATCAATTATCATTATTTTCATGATCAGTTTTTATTACAACAATTTTATTATTATTATCTTTACCTGTATTAGCAGGAGCAATTACAATATTATTAACTGATCGTAATTTAAATACTTCTTTTTTTGATCCTTCTGGAGGAGGAGATCCTATTCTTTATCAACATTTATTT
31,AACTTTATATTTTATCTTTGGAGCCTGAGCAGGAATAATTGGAACTTCCCTAAGTTTATTAATTCGTTCTGAATTAGGTAACCCTGGAACTTTAATTGGAGACGATCAAATTTACAATGTTATTGTAACTGCTCATGCTTTTGTCATAATTTTTTTTATAGTTATACCAATTGTTATTGGAGGATTTGGAAATTGACTAGTACCCTTAATACTAGGAGCCCCGGATATAGCATTTCCACGAATAAATAACATAAGATTTTGACTTTTACCTCCTTCATTAACACTTTTATTGATAAGAAGAATAGTAGAAAGAGGAGCAGGAACAGGATGAACAGTTTACCCTCCTTTATCTTCAAATATTGCTCATGGTGGTGCTTCAGTTGATTTAGCAATTTTTAGCCTTCACTTAGCTGGAATCTCATCAATTTTAGGTGCTGTAAATTTTATTACTACAGTAATCAATATACGATCAACAGGTATAAGATTTGATCGAATACCTTTATTTGTTTGATCAGTAGCTATTACAGCATTACTACTTTTATTATCTCTACCTGTATTAGCTGGAGCAATTACAATACTATTGACTGATCGAAATTTAAATACATCATTTTTTGATCCCACCGGTGGAGGTGACCCAATTCTTTACCAACATTTATTT
32,AACTTTATATTTTATCTTTGGAGCCTGAGCAGGAATAATTGGAACTTCCCTAAGTTTATTAATTCGTTCTGAATTAGGTAACCCTGGAACTTTAATTGGAGATGATCAAATTTACAATGTTATTGTAACTGCTCATGCTTTTGTCATAATTTTTTTTATAGTTATACCAATTGTTATTGGAGGATTTGGAAATTGACTAGTACCCTTAATACTAGGAGCCCCGGATATAGCATTTCCACGAATAAATAACATAAGATTTTGACTTTTACCTCCTTCATTAACACTTTTATTGATAAGAAGAATAGTAGAAAGAGGAGCAGGAACAGGATGAACAGTTTACCCTCCTTTATCTTCAAATATTGCTCATGGTGGTGCTTCAGTTGATTTAGCAATTTTTAGCCTTCATTTAGCTGGAATCTCATCAATTTTAGGTGCTGTAAATTTTATTACTACAGTAATCAATATACGATCAACAGGTATAAGATTTGATCGAATACCTTTATTTGTTTGATCAGTAGCTATTACAGCATTACTACTTTTATTATCTCTACCTGTATTAGCTGGAGCAATTACAATACTATTGACTGATCGAAATTTAAATACATCATTTTTTGATCCCACCGGTGGAGGTGACCCAATTCTTTACCAACATTTATTT
33,AACTTTATATTTTATCTTTGGAGCCTGAGCAGGAATAATTGGAACTTCCCTAAGTTTATTAATTCGTTCTGAATTAGGTAACCCTGGAACTTTAATTGGCGACGATCAAATTTACAATGTTATTGTAACTGCTCATGCTTTTGTCATAATTTTTTTTATAGTTATACCAATTGTTATTGGAGGATTTGGAAATTGACTAGTACCCTTAATACTAGGAGCCCCGGATATAGCATTTCCACGAATAAATAACATAAGGTTTTGACTTTTACCTCCTTCATTAACACTTTTATTGATAAGAAGAATGGTAGAAAGAGGAGCAGGAACAGGATGAACAGTTTACCCTCCTTTATCTTCAAATATTGCTCATGGTGGAGCTTCAGTTGATTTAGCAATTTTTAGCCTTCATTTAGCTGGAATCTCATCAATTTTAGGTGCTGTAAATTTTATTACTACAGTAATCAATATACGATCAACAGGTATAAGATTTGATCGAATACCTTTATTTGTTTGATCAGTAGCTATTACAGCATTACTACTTTTATTATCTCTACCTGTATTAGCTGGAGCAATTACAATACTATTGACTGATCGAAATTTAAATACATCATTTTTTGATCCTACCGGTGGAGGTGATCCAATTCTTTACCAACATTTATTT
34,AACTTTATATTTTATCTTTGGAGCCTGAGCAGGAATAATTGGAACTTCCCTAAGTTTATTAATTCGTTCTGAATTAGGTAACCCTGGAACTTTAATTGGAGACGATCAAATTTACAATGTTATTGTAACTGCTCATGCTTTTGTCATAATTTTTTTTATAGTTATACCAATTGTTATTGGAGGATTTGGAAATTGACTAGTACCCTTAATACTAGGAGCCCCGGATATAGCATTTCCACGAATAAATAACATAAGATTTTGACTTTTACCTCCTTCATTAACACTTTTATTGATAAGAAGAATAGTAGAAAGAGGAGCAGGAACAGGATGAACAGTTTACCCTCCTTTATCTTCAAATATTGCTCATGGTGGTGCTTCAGTTGATTTAGCAATTTTTAGCCTTCACTTAGCTGGAATCTCATCAATTTTAGGTGCTGTAAATTTTATTACTACAGTAATCAATATACGATCAACAGGTATAAGATTTGATCGAATACCTTTATTTGTTTGATCAGTAGCTATTACAGCATTACTACTTTTATTATCTCTACCTGTATTAGCTGGAGCAATTACAATACTATTGACTGATCGAAATTTAAATACATCATTTTTTGATCCCACCGGTGGAGGTGACCCAATTCTTTACCAACATTTATTT
35,AACTTTATATTTTATCTTTGGAGCCTGAGCAGGAATAATTGGAACTTCCCTAAGTTTATTAATTCGTTCTGAATTAGGTAACCCTGGAACTTTAATTGGTGACGATCAAATTTACAATGTTATTGTAACTGCTCATGCTTTTGTCATAATTTTTTTTATAGTTATACCAATTGTTATTGGAGGATTTGGAAATTGACTAGTACCCTTAATACTAGGAGCCCCGGATATAGCATTTCCACGAATAAATAACATAAGATTTTGACTTTTACCTCCTTCATTAACACTTTTATTGATAAGAAGAATAGTAGAAAGAGGAGCAGGAACAGGATGAACAGTTTACCCTCCCTTATCTTCAAATATTGCTCATGGTGGTGCTTCAGTTGATTTAGCAATTTTTAGCCTTCATCTAGCTGGAATCTCATCAATTTTAGGTGCTGTTAATTTTATTACTACAGTAATCAATATACGATCAACAGGTATAAGATTTGATCGAATACCTTTATTTGTTTGATCAGTAGCTATTACAGCATTACTACTTTTATTATCTCTACCTGTATTAGCTGGAGCAATTACAATACTATTGACTGATCGAAATTTAAATACATCATTTTTTGATCCCACCGGTGGAGGTGATCCAATTCTTTACCAACATTTATTT
36,---------------AACTTTATATTTTATCTTTGGAGCCTGAGCAGGAATAATTGGAACTTCCCTAAGTTTATTAATTCGTTCTGAATTAGGTAACCCTGGAACTTTAATTGGAGACGATCAAATTTACAATGTTATTGTAACTGCTCATGCTTTTGTCATAATTTTTTTTATAGTTATACCAATTGTTATTGGAGGATTTGGAAATTGACTAGTACCCTTAATACTAGGAGCCCCGGATATAGCATTTCCACGAATAAATAACATAAGATTTTGACTTTTACCTCCTTCATTAACACTTTTATTGATAAGAAGAATAGTAGAAAGAGGAGCAGGAACAGGATGAACAGTTTACCCTCCTTTATCTTCAAATATTGCTCATGGTGGTGCTTCAGTTGATTTAGCAATTTTTAGCCTTCATTTAGCTGGAATCTCATCAATTTTAGGTGCTGTAAATTTTATTACCACAGTAATCAATATACGATCAACAGGTATAAGATTTGATCGAATACCTTTATTTGTTTGATCAGTAGCTATTACAGCATTACTACTTTTATTATCTCTACCTGTATTAGCTGGAGCAATTACAATACTATTGACTGATCGAAATTTAAATACATCATTTTTTGATCCCACCGGTGGAGGTGACCCAATTCTTTACCAACATTTATTT
37,AACTTTATATTTTATCTTTGGAGCCTGAGCAGGAATAATTGGAACTTCCCTAAGTTTATTAATTCGTTCTGAATTAGGTAACCCTGGAACTTTAATTGGCGACGATCAAATTTACAATGTTATTGTAACTGCTCATGCTTTTGTCATAATTTTTTTTATAGTTATACCAATTGTTATTGGAGGATTTGGAAATTGACTAGTACCCTTAATACTAGGAGCCCCAGATATAGCATTTCCACGAATAAATAACATAAGGTTTTGACTTTTACCTCCTTCATTAACACTTTTATTGATAAGAAGAATGGTAGAAAGAGGAGCAGGAACAGGATGAACAGTTTACCCTCCTTTATCTTCAAATATTGCTCATGGTGGAGCTTCAGTTGATTTAGCAATTTTTAGCCTTCATTTAGCTGGAATCTCATCAATTTTAGGTGCTGTAAATTTTATTACTACAGTAATCAATATACGATCAACAGGTATAAGATTTGATCGAATACCTTTATTTGTTTGATCAGTAGCTATTACAGCATTACTACTTTTATTATCTCTACCTGTATTAGCTGGAGCAATTACAATACTATTGACTGATCGAAATTTAAATACATCATTTTTTGATCCTACCGGTGGAGGTGATCCAATTCTTTACCAACATTTATTT------------------------
38,AACTTTATATTTTATCTTTGGAGCCTGAGCAGGAATAATTGGAACTTCCCTAAGTTTATTAATTCGTTCTGAATTAGGTAACCCTGGAACTTTAATTGGCGACGATCAAATTTACAATGTTATTGTAACTGCTCATGCTTTTGTCATAATTTTTTTTATAGTTATACCAATTGTTATTGGAGGATTTGGAAATTGACTAGTACCCTTAATACTAGGAGCCCCAGATATAGCATTTCCACGAATAAATAACATAAGATTTTGACTTTTACCTCCTTCATTAACACTTTTATTGATAAGAAGAATAGTAGAAAGAGGAGCAGGAACAGGATGAACAGTTTACCCTCCTTTGTCTTCAAATATTGCTCATGGTGGTGCTTCAGTTGATTTAGCAATTTTTAGCCTTCATTTAGCTGGAATCTCATCAATTTTAGGTGCTGTAAATTTTATTACTACAGTAATCAATATACGATCAACAGGTATAAGATTTGATCGAATACCTCTATTTGTTTGATCAGTAGCTATTACAGCATTACTACTTTTATTATCTCTACCTGTATTAGCTGGAGCAATTACAATACTATTGACTGATCGAAATTTAAATACATCATTTTTTGATCCTACCGGTGGAGGTGATCCAATTCTTTACCAACATTTATTT------------------------
39,AACTTTATATTTTATCTTTGGAGCCTGAGCAGGAATAATTGGAACTTCCCTAAGTTTATTAATTCGTTCTGAATTAGGTAACCCTGGAACTTTAATTGGAGACGATCAAATTTACAATGTTATTGTAACTGCTCATGCTTTTGTCATAATTTTTTTTATAGTTATACCAATTGTTATTGGAGGATTTGGAAATTGACTAGTACCCTTAATACTAGGAGCCCCGGATATAGCATTTCCACGAATAAATAACATAAGATTTTGACTTTTACCTCCTTCATTAACACTTTTATTGATAAGAAGAATAGTAGAAAGAGGAGCAGGAACAGGATGAACAGTTTACCCTCCTTTATCTTCAAATATTGCTCATGGTGGTGCTTCAGTTGATTTAGCAATTTTTAGCCTTCATTTAGCTGGAATCTCATCAATTTTAGGTGCTGTAAATTTTATTACTACAGTAATCAATATACGATCAACAGGTATAAGATTTGATCGAATACCTTTATTTGTTTGATCAGTAGCTATTACAGCATTACTACTTTTATTATCTCTACCTGTATTAGCTGGAGCAATTACAATACTATTGACTGATCGAAATTTAAATACATCATTTTTTGATCCCACCGGTGGAGGTGACCCAATTCTTTACCAACATTTATTT
40,AACTTTATATTTTATCTTTGGAGCCTGAGCAGGAATAATTGGAACTTCCCTAAGTTTATTAATTCGTTCTGAATTAGGTAACCCTGGAGCTTTAATTGGCGACGATCAAATTTACAATGTTATTGTAACTGCTCATGCTTTTGTCATAATTTTTTTTATAGTTATACCAATTGTTATTGGAGGATTTGGAAATTGACTAGTACCCTTAATACTAGGAGCCCCAGATATAGCATTTCCACGAATAAATAACATAAGGTTTTGACTTTTACCTCCTTCATTAACACTTTTATTGATAAGAAGAATGGTAGAAAGAGGAGCAGGAACAGGATGAACAGTTTACCCTCCTTTATCTTCAAATATTGCTCATGGTGGAGCTTCAGTTGATTTAGCAATTTTTAGCCTTCATTTAGCTGGAATCTCATCAATTTTAGGTGCTGTAAATTTTATTACTACAGTAATCAATATACGATCAACAGGTATAAGATTTGATCGAATACCTTTATTTGTTTGATCAGTAGCTATTACAGCATTACTACTTTTATTATCTCTACCTGTATTAGCTGGAGCAATTACAATACTATTGACTGATCGAAATTTAAATACATCATTTTTTGATCCTACCGGTGGAGGTGATCCAATTCTTTACCAACATTTATTT------------------------
41,AACATTATATTTTATTTTTGGAGCATGATCAGGAATAGTAGGAACATCTCTAAGAATTTTAGTACGAGCTGAATTAGGACATCCAGGTGCATTAATTGGAGATGATCAAATTTATAATGTAATCGTTACAGCTCATGCATTTGTAATAATTTTTTTTATAGTAATACCAATTATAATTGGAGGATTTGGAAATTGATTAGTGCCCTTAATATTAGGAGCTCCTGATATGGCTTTCCCCCGAATAAATAATATAAGTTTTTGACTTTTACCTCCAGCATTAACTTTATTGCTTGTGAGAAGAATAGTGGAAAATGGAGCTGGAACAGGATGAACTGTTTACCCTCCTTTATCATCTAATATTGCTCATGGAGGAGCTTCTGTTGATTTAGCAATTTTTTCTTTACATTTAGCAGGAATTTCTTCTATTCTAGGAGCAGTAAATTTTATTACAACTGTAATTAATATACGATCAGTAGGAATTACATTTGATCGAATACCTTTATTTGTATGATCAGTAGTTATTACAGCATTATTATTACTTTTATCATTACCAGTATTAGCTGGAGCTATTACTATATTATTAACAGATCGAAATTTAAATACTTCATTTTTTGATCCTGCAGGAGGAGGAGATCCTATTTTATATCAACATTTATTT
42,AACATTATATTTTATTTTTGGAGCATGATCAGGAATAGTAGGAACATCTCTAAGAATTTTAGTACGAGCTGAATTAGGACATCCAGGTGCATTAATTGGAGATGATCAAATTTATAATGTAATCGTTACAGCTCATGCATTTGTAATAATTTTTTTTATAGTAATACCAATTATAATTGGAGGATTTGGAAATTGATTAGTGCCCTTAATATTAGGAGCTCCTGATATGGCTTTCCCCCGAATAAATAATATAAGTTTTTGACTTTTACCTCCAGCATTAACTTTATTGCTTGTGAGAAGAATAGTGGAAAATGGAGCTGGAACAGGATGAACTGTTTACCCTCCTTTATCATCTAATATTGCTCATGGAGGAGCTTCTGTTGATTTAGCAATTTTTTCTTTACATTTAGCAGGAATTTCTTCTATTCTAGGAGCAGTAAATTTTATTACAACTGTAATTAATATACGATCAGTAGGAATTACATTTGATCGAATACCTTTATTTGTATGATCAGTAGTTATTACAGCATTATTATTACTTTTATCATTACCAGTATTAGCTGGAGCTATTACTATATTATTAACAGATCGAAATTTAAATACTTCATTTTTTGATCCTGCAGGAGGAGGAGATCCTATTTTATATCAACATTTATTT
43,AACATTATATTTTATTTTTGGAGCATGATCAGGAATAGTAGGAACATCTCTAAGAATTTTAGTACGAGCTGAATTAGGACATCCAGGTGCATTAATTGGAGATGATCAAATTTATAATGTAATCGTTACAGCTCATGCATTTGTAATAATTTTTTTTATAGTAATACCAATTATAATTGGAGGATTTGGAAATTGATTAGTGCCCTTAATATTAGGAGCTCCTGATATGGCTTTCCCCCGAATAAATAATATAAGTTTTTGACTTTTACCTCCAGCATTAACTTTATTGCTTGTGAGAAGAATAGTGGAAAATGGAGCTGGAACAGGATGAACTGTTTACCCTCCTTTATCATCTAATATTGCTCATGGAGGAGCTTCTGTTGATTTAGCAATTTTTTCTTTACATTTAGCAGGAATTTCTTCTATTCTAGGAGCAGTAAATTTTATTACAACTGTAATTAATATACGATCAGTAGGAATTACATTTGATCGAATACCTTTATTTGTATGATCAGTAGTTATTACAGCATTATTATTACTTTTATCATTACCAGTATTAGCTGGAGCTATTACTATATTATTAACAGATCGAAATTTAAATACTTCATTTTTTGATCCTGCAGGAGGAGGAGATCCTATTTTATATCAACATTTATTT
44,AACATTATATTTTATTTTTGGAGCATGATCAGGAATAGTAGGAACATCTCTAAGAATTTTAGTACGAGCTGAATTAGGACATCCAGGTGCATTAATTGGAGATGATCAAATTTATAATGTAATCGTTACAGCTCATGCATTTGTAATAATTTTTTTTATAGTAATACCAATTATAATTGGAGGATTTGGAAATTGATTAGTGCCCTTAATATTAGGAGCTCCTGATATGGCTTTCCCCCGAATAAATAATATAAGTTTTTGACTTTTACCTCCAGCATTAACTTTATTGCTTGTGAGAAGAATAGTGGAAAATGGAGCTGGAACAGGATGAACTGTTTACCCTCCTTTATCATCTAATATTGCTCATGGAGGAGCTTCTGTTGATTTAGCAATTTTTTCTTTACATTTAGCAGGAATTTCTTCTATTCTAGGAGCAGTAAATTTTATTACAACTGTAATTAATATACGATCAGTAGGAATTACATTTGATCGAATACCTTTATTTGTATGATCAGTAGTTATTACAGCATTATTATTACTTTTATCATTACCAGTATTAGCTGGAGCTATTACTATATTATTAACAGATCGAAATTTAAATACTTCATTTTTTGATCCTGCAGGAGGAGGAGATCCTATTTTATATCAACATTTATTT
45,AACATTATATTTTATTTTTGGAGCATGATCAGGAATAGTAGGAACATCTCTAAGAATTTTAGTACGAGCTGAATTAGGACATCCAGGTGCATTAATTGGAGATGATCAAATTTATAATGTAATCGTTACAGCTCATGCATTTGTAATAATTTTTTTTATAGTAATACCAATTATAATTGGAGGATTTGGAAATTGATTAGTGCCCTTAATATTAGGAGCTCCTGATATGGCTTTCCCCCGAATAAATAATATAAGTTTTTGACTTTTACCTCCAGCATTAACTTTATTGCTTGTGAGAAGAATAGTGGAAAATGGAGCTGGAACAGGATGAACTGTTTACCCTCCTTTATCATCTAATATTGCTCATGGAGGAGCTTCTGTTGATTTAGCAATTTTTTCTTTACATTTAGCAGGAATTTCTTCTATTCTAGGAGCAGTAAATTTTATTACAACTGTAATTAATATACGATCAGTAGGAATTACATTTGATCGAATACCTTTATTTGTATGATCAGTAGTTATTACAGCATTATTATTACTTTTATCATTACCAGTATTAGCTGGAGCTATTACTATATTATTAACAGATCGAAATTTAAATACTTCATTTTTTGATCCTGCAGGAGGAGGAGATCCTATTTTATATCAACATTTATTT
46,AACATTATATTTTATTTTTGGAGCATGATCAGGAATAGTAGGAACATCTCTAAGAATTTTAGTACGAGCTGAATTAGGACATCCAGGTGCATTAATTGGAGATGATCAAATTTATAATGTAATCGTTACAGCTCATGCATTTGTAATAATTTTTTTTATAGTAATACCAATTATAATTGGAGGATTTGGAAATTGATTAGTGCCCTTAATATTAGGAGCTCCTGATATGGCTTTCCCCCGAATAAATAATATAAGTTTTTGACTTTTACCTCCAGCATTAACTTTATTGCTTGTGAGAAGAATAGTGGAAAATGGAGCTGGAACAGGATGAACTGTTTACCCTCCTTTATCATCTAATATTGCTCATGAAGGAGCTTCTGTTGATTTAGCAATTTTTTCTTTACATTTAGCAGGAATTTCTTCTATTCTAGGAGCAGTAAATTTTATTACAACTGTAATTAATATACGATCAGTAGGAATTACATTTGATCGAATACCTTTATTTGTATGATCAGTAGTTATTACAGCATTATTATTACTTTTATCATTACCAGTATTAGCTGGAGCTATTACTATATTATTAACAGATCGAAATTTAAATACTTCATTTTTTGATCCTGCAGGAGGAGGAGATCCTATTTTATATCAACATTTATTT
47,AACATTATATTTTATTTTTGGAGCATGATCAGGAATAGTAGGAACATCTCTAAGAATTTTAGTACGAGCTGAATTAGGACATCCAGGTGCATTAATTGGAGATGATCAAATTTATAATGTAATCGTTACAGCTCATGCATTTGTAATAATTTTTTTTATAGTAATACCAATTATAATTGGAGGATTTGGAAATTGATTAGTGCCCTTAATATTAGGAGCTCCTGATATGGCTTTCCCCCGAATAAATAATATAAGTTTTTGACTTTTACCTCCAGCATTAACTTTATTGCTTGTGAGAAGAATAGTGGAAAATGGAGCTGGAACAGGATGAACTGTTTACCCTCCTTTATCATCTAATATTGCTCATGGAGGAGCTTCTGTTGATTTAGCAATTTTTTCTTTACATTTAGCAGGAATTTCTTCTATTCTAGGAGCAGTAAATTTTATTACAACTGTAATTAATATACGATCAGTAGGAATTACATTTGATCGAATACCTTTATTTGTATGATCAGTAGTTATTACAGCATTATTATTACTTTTATCATTACCAGTATTAGCTGGAGCTATTACTATATTATTAACAGATCGAAATTTAAATACTTCATTTTTTGATCCTGCAGGAGGAGGAGATCCTATTTTATATCAACATTTATTT
48,AACATTATATTTTATTTTTGGAGCATGATCAGGAATAGTAGGAACATCTCTAAGAATTTTAGTACGAGCTGAATTAGGACATCCAGGTGCATTAATTGGAGATGATCAAATTTATAATGTAATCGTTACAGCTCATGCATTTGTAATAATTTTTTTTATAGTAATACCAATTATAATTGGAGGATTTGGAAATTGATTAGTGCCCTTAATATTAGGAGCTCCTGATATGGCTTTCCCCCGAATAAATAATATAAGTTTTTGACTTTTACCTCCAGCATTAACTTTATTGCTTGTGAGAAGAATAGTGGAAAATGGAGCTGGAACAGGATGAACTGTTTACCCTCCTTTATCATCTAATATTGCTCATGGAGGAGCTTCTGTTGATTTAGCAATTTTTTCTTTACATTTAGCAGGAATTTCTTCTATTCTAGGAGCAGTAAATTTTATTACAACTGTAATTAATATACGATCAGTAGGAATTACATTTGATCGAATACCTTTATTTGTATGATCAGTAGTTATTACAGCATTATTATTACTTTTATCATTACCAGTATTAGCTGGAGCTATTACTATATTATTAACAGATCGAAATTTAAATACTTCATTTTTTGATCCTGCAGGAGGAGGAGATCCTATTTTATATCAACATTTATTT
49,AACATTATATTTTATTTTTGGAGCATGATCAGGAATAGTAGGAACATCTCTAAGAATTTTAGTACGAGCTGAATTAGGACATCCAGGTGCATTAATTGGAGATGATCAAATTTATAATGTAATCGTTACAGCTCATGCATTTGTAATAATTTTTTTTATAGTAATACCAATTATAATTGGAGGATTTGGAAATTGATTAGTGCCCTTAATATTAGGAGCTCCTGATATGGCTTTCCCCCGAATAAATAATATAAGTTTTTGACTTTTACCTCCAGCATTAACTTTATTGCTTGTGAGAAGAATAGTGGAAAATGGAGCTGGAACAGGATGAACTGTTTACCCTCCTTTATCATCTAATATTGCTCATGGAGGAGCTTCTGTTGATTTAGCAATTTTTTCTTTACATTTAGCAGGAATTTCTTCTATTCTAGGAGCAGTAAATTTTATTACAACTGTAATTAATATACGATCAGTAGGAATTACATTTGATCGAATACCTTTATTTGTATGATCAGTAGTTATTACAGCATTATTATTACTTTTATCATTACCAGTATTAGCTGGAGCTATTACTATATTATTAACAGATCGAAATTTAAATACTTCATTTTTTGATCCTGCAGGAGGAGGAGATCCTATTTTATATCAACATTTATTT
50,AACATTATATTTTATTTTTGGAGCATGATCAGGAATAGTAGGAACATCTCTAAGAATTTTAGTACGAGCTGAATTAGGACATCCAGGTGCATTAATTGGAGATGATCAAATTTATAATGTAATCGTTACAGCTCATGCATTTGTAATAATTTTTTTTATAGTAATACCAATTATAATTGGAGGATTTGGAAATTGATTAGTGCCCTTAATATTAGGAGCTCCTGATATGGCTTTCCCCCGAATAAATAATATAAGTTTTTGACTTTTACCTCCAGCATTAACTTTATTGCTTGTGAGAAGAATAGTGGAAAATGGAGCTGGAACAGGATGAACTGTTTACCCTCCTTTATCATCTAATATTGCTCATGGAGGAGCTTCTGTTGATTTAGCAATTTTTTCTTTACATTTAGCAGGAATTTCTTCTATTCTAGGAGCAGTAAATTTTATTACAACTGTAATTAATATACGATCAGTAGGAATTACATTTGATCGAATACCTTTATTTGTATGATCAGTAGTTATTACAGCATTATTATTACTTTTATCATTACCAGTATTAGCTGGAGCTATTACTATATTATTAACAGATCGAAATTTAAATACTTCATTTTTTGATCCTGCAGGAGGAGGAGATCCTATTTTATATCAACATTTATTT
51,AACATTATATTTTATTTTTGGAGCATGATCAGGAATAGTAGGAACATCTCTAAGAATTTTAGTACGAGCTGAATTAGGACATCCAGGTGCATTAATTGGAGATGATCAAATTTATAATGTAATCGTTACAGCTCATGCATTTGTAATAATTTTTTTTATAGTAATACCAATTATAATTGGAGGATTTGGAAATTGATTAGTGCCCTTAATATTAGGAGCTCCTGATATGGCTTTCCCCCGAATAAATAATATAAGTTTTTGACTTTTACCTCCAGCATTAACTTTATTGCTTGTGAGAAGAATAGTGGAAAATGGAGCTGGAACAGGATGAACTGTTTACCCTCCTTTATCATCTAATATTGCTCATGGAGGAGCTTCTGTTGATTTAGCAATTTTTTCTTTACATTTAGCAGGAATTTCTTCTATTCTAGGAGCAGTAAATTTTATTACAACTGTAATTAATATACGATCAGTAGGAATTACATTTGATCGAATACCTTTATTTGTATGATCAGTAGTTATTACAGCATTATTATTACTTTTATCATTACCAGTATTAGCTGGAGCTATTACTATATTATTAACAGATCGAAATTTAAATACTTCATTTTTTGATCCTGCAGGAGGAGGAGATCCTATTTTATATCAACATTTATTT
52,AACATTATATTTTATTTTTGGAGCATGATCAGGAATAGTAGGAACATCTCTAAGAATTTTAGTACGAGCTGAATTAGGACATCCAGGTGCATTAATTGGAGATGATCAAATTTATAATGTAATCGTTACAGCTCATGCATTTGTGATAATTTTTTTTATAGTAATACCAATTATAATTGGAGGATTTGGAAATTGATTAGTGCCCTTAATATTAGGAGCTCCTGATATGGCTTTCCCCCGAATAAATAATATAAGTTTTTGACTTTTACCTCCAGCATTAACTTTATTGCTTGTGAGAAGAATAGTGGAAAATGGAGCTGGAACAGGATGAACTGTTTACCCTCCTTTATCATCTAATATTGCTCATGGAGGAGCTTCTGTTGATTTAGCAATTTTTTCTTTACATTTAGCAGGAATTTCTTCTATTCTAGGAGCAGTAAATTTTATTACAACTGTAATTAATATACGATCAGTAGGAATTACATTTGATCGAATACCTTTATTTGTATGATCAGTAGTTATTACAGCATTATTATTACTTTTATCATTACCAGTATTAGCTGGAGCTATTACTATATTATTAACAGATCGAAATTTAAATACTTCATTTTTTGATCCTGCAGGAGGAGGAGATCCTATTTTATATCAACATTTATTT
53,AACATTATATTTTATTTTTGGAGCATGATCAGGAATAGTAGGAACATCTCTAAGAATTTTAGTACGAGCTGAATTAGGACATCCAGGTGCATTAATTGGAGATGATCAAATTTATAATGTAATCGTTACAGCTCATGCATTTGTAATAATTTTTTTTATAGTAATACCAATTATAATTGGAGGATTTGGAAATTGATTAGTGCCCTTAATATTAGGAGCTCCTGATATGGCTTTCCCCCGAATAAATAATATAAGTTTTTGACTTTTACCTCCAGCATTAACTTTATTGCTTGTGAGAAGAATAGTGGAAAATGGAGCTGGAACAGGATGAACTGTTTACCCTCCTTTATCATCTAATATTGCTCATGGAGGAGCTTCTGTTGATTTAGCAATTTTTTCTTTACATTTAGCAGGAATTTCTTCTATTCTAGGAGCAGTAAATTTTATTACAACTGTAATTAATATACGATCAGTAGGAATTACATTTGATCGAATACCTTTATTTGTATGATCAGTAGTTATTACAGCATTATTATTACTTTTATCATTACCAGTATTAGCTGGAGCTATTACTATATTATTAACAGATCGAAATTTAAATACTTCATTTTTTGATCCTGCAGGAGGAGGAGATCCTATTTTATATCAACATTTATTT
54,AACATTATATTTTATTTTTGGAGCATGATCAGGAATAGTAGGAACATCTCTAAGAATTTTAGTACGAGCTGAATTAGGACATCCAGGTGCATTAATTGGAGATGATCAAATTTATAATGTAATCGTTACAGCTCATGCATTTGTAATAATTTTTTTTATAGTAATACCAATTATAATTGGAGGATTTGGAAATTGATTAGTGCCCTTAATATTAGGAGCTCCTGATATGGCTTTCCCCCGAATAAATAATATAAGTTTTTGACTTTTACCTCCAGCATTAACTTTATTGCTTGTGAGAAGAATAGTGGAAAATGGAGCTGGAACAGGATGAACTGTTTACCCTCCTTTATCATCTAATATTGCTCATGGAGGAGCTTCTGTTGATTTAGCAATTTTTTCTTTACATTTAGCAGGAATTTCTTCTATTCTAGGAGCAGTAAATTTTATTACAACTGTAATTAATATACGATCAGTAGGAATTACATTTGATCGAATACCTTTATTTGTATGATCAGTAGTTATTACAGCATTATTATTACTTTTATCATTACCAGTATTAGCTGGAGCTATTACTATATTATTAACAGATCGAAATTTAAATACTTCATTTTTTGATCCTGCAGGAGGAGGAGATCCTATTTTATATCAACATTTATTT
55,AACACTTTACTTCCTTTTTGGAGCCTGAGCTGGAATACTCGGAACTTCATTAAGACTATTGATTCGGGCCGAATTAGGAAACCCAGGTTCTCTAATTGGCAATGATCAAATCTACAATGTTATTGTCACAGCCCATGCTTTTATCATAATTTTCTTTATAGTTATACCTATCATAATTGGGGGATTCGGAAACTGACTAGTACCCCTAATACTCGGAGCTCCTGACATAGCATTTCCCCGAATAAACAACATAAGATTCTGATTCTTACCCCCGTCACTTTCCCTCTTGCTAATAAGAAGAATTGTTGAAAATGGTGCTGGTACGGGATGAACCGTTTATCCCCCCCTATCAGCTAACATTGCTCATAGAGGTTCATCTGTTGATCTAGCTATTTTTAGTCTTCACTTAGCAGGAATTTCATCAATTCTTGGAGCAGTAAATTTTATTTCTACAGTAATTAATATACGATCAACTGGAATTACCTTTGACCGAATACCCCTATTTGTATGAGCTGTGGCAATTACAGCCCTATTACTTCTACTTTCACTACCAGTCCTAGCTGGAGCTATTACAATATTATTAACAGACCGAAATCTAAATACATCCTTCTTTGACCCAGCAGGTGGGGGAGACCCCATCTTGTATCAACACTTATTC
56,AACACTTTACTTCCTTTTTGGAGCCTGAGCTGGAATACTCGGAACTTCATTAAGACTATTGATTCGGGCCGAATTAGGAAACCCAGGTTCTCTAATTGGCAATGATCAAATCTACAATGTTATTGTCACAGCCCATGCTTTTATCATAATTTTCTTTATAGTTATACCTATCATAATTGGGGGATTCGGAAACTGACTAGTACCCCTAATACTCGGAGCTCCTGACATAGCATTTCCCCGAATAAACAACATAAGATTCTGATTCTTACCCCCGTCACTTTCCCTCTTGCTAATAAGAAGAATTGTTGAAAATGGTGCTGGTACGGGATGAACCGTTTATCCCCCCCTATCAGCTAACATTGCTCATAGAGGTTCATCTGTTGATCTAGCTATTTTTAGTCTTCACTTAGCAGGAATTTCATCAATTCTTGGAGCAGTAAATTTTATTTCTACAGTAATTAATATACGATCAACTGGAATTACCTTTGACCGAATACCCCTATTTGTATGAGCTGTGGCAATTACAGCCCTATTACTTCTACTTTCACTACCAGTCCTAGCTGGAGCTATTACAATATTATTAACAGACCGAAATCTAAATACATCCTTCTTTGACCCAGCAGGTGGGGGAGACCCCATCTTGTATCAACACTTATTC
57,AACACTTTACTTCCTTTTTGGAGCCTGAGCTGGAATACTCGGAACTTCATTAAGACTATTGATTCGGGCCGAATTAGGAAACCCAGGTTCTCTAATTGGCAATGATCAAATCTACAATGTTATTGTCACAGCCCATGCTTTTATCATAATTTTCTTTATAGTTATACCTATCATAATTGGGGGATTCGGAAACTGACTAGTACCCCTAATACTCGGAGCTCCTGACATAGCATTTCCCCGAATAAACAACATAAGATTCTGATTCTTACCCCCGTCACTTTCCCTCTTGCTAATAAGAAGAATTGTTGAAAATGGTGCTGGTACGGGATGAACCGTTTATCCCCCCCTATCAGCTAACATTGCTCATAGAGGTTCATCTGTTGATCTAGCTATTTTTAGTCTTCACTTAGCAGGAATTTCATCAATTCTTGGAGCAGTAAATTTTATTTCTACAGTAATTAATATACGATCAACTGGAATTACCTTTGACCGAATACCCCTATTTGTATGAGCTGTGGCAATTACAGCCCTATTACTTCTACTTTCACTACCAGTCCTAGCTGGAGCTATTACAATATTATTAACAGACCGAAATCTAAATACATCCTTCTTTGACCCAGCAGGTGGGGGAGACCCCATCTTGTATCAACACTTATTC
58,AACACTTTACTTCCTTTTTGGAGCCTGAGCTGGAATACTCGGAACTTCATTAAGACTATTGATTCGGGCCGAATTAGGAAACCCAGGTTCTCTAATTGGCAATGATCAAATCTACAATGTTATTGTCACAGCCCATGCTTTTATCATAATTTTCTTTATAGTTATACCTATCATAATTGGGGGATTCGGAAACTGACTAGTACCCCTAATACTCGGAGCTCCTGACATAGCATTTCCCCGAATAAACAACATAAGATTCTGATTCTTACCCCCGTCACTTTCCCTCTTGCTAATAAGAAGAATTGTTGAAAATGGTGCTGGTACGGGATGAACCGTTTATCCCCCCCTATCAGCTAACATTGCTCATAGAGGTTCATCTGTTGATCTAGCTATTTTTAGTCTTCACTTAGCAGGAATTTCATCAATTCTTGGAGCAGTAAATTTTATTTCTACAGTAATTAATATACGATCAACTGGAATTACCTTTGACCGAATACCCCTATTTGTATGAGCTGTGGCAATTACAGCCCTATTACTTCTACTTTCACTACCAGTCCTAGCTGGAGCTATTACAATATTATTAACAGACCGAAATCTAAATACATCCTTCTTTGACCCAGCAGGTGGGGGAGACCCCATCTTGTATCAACACTTATTC
59,AACACTTTACTTCCTTTTTGGAGCCTGAGCTGGAATACTCGGAACTTCATTAAGACTATTGATTCGGGCCGAATTAGGAAACCCAGGTTCTCTAATTGGCAATGATCAAATCTACAATGTTATTGTCACAGCCCATGCTTTTATCATAATTTTCTTTATAGTTATACCTATCATAATTGGGGGATTCGGAAACTGACTAGTACCCCTAATACTCGGAGCTCCTGACATAGCATTTCCCCGAATAAACAACATAAGATTCTGATTCTTACCCCCGTCACTTTCCCTCTTGCTAATAAGAAGAATTGTTGAAAATGGTGCTGGTACGGGATGAACCGTTTACCCCCCCCTATCAGCTAACATTGCTCATAGAGGTTCATCTGTTGATCTAGCTATTTTTAGTCTTCACTTAGCAGGAATTTCATCAATTCTTGGAGCAGTAAATTTTATTTCTACAGTAATTAATATACGATCAACTGGAATTACCTTTGACCGAATACCCCTATTTGTATGAGCTGTGGCAATTACAGCCCTATTACTTCTACTTTCACTACCAGTCCTAGCTGGAGCTATTACAATATTATTAACAGACCGAAATCTAAATACATCCTTCTTTGACCCAGCAGGTGGGGGAGACCCCATCTTGTATCAACACTTATTC
60,AACACTTTACTTCCTTTTTGGAGCCTGAGCTGGAATACTCGGAACTTCATTAAGACTATTGATTCGGGCCGAATTAGGAAACCCAGGTTCTCTAATTGGCAATGATCAAATCTACAATGTTATTGTCACAGCCCATGCTTTTATCATAATTTTCTTTATAGTTATACCTATCATAATTGGGGGATTCGGAAACTGACTAGTACCCCTAATACTCGGAGCTCCTGACATAGCATTTCCCCGAATAAACAACATAAGATTCTGATTCTTACCCCCGTCACTTTCCCTCTTGCTAATAAGAAGAATTGTTGAAAATGGTGCTGGTACGGGATGAACCGTTTATCCCCCCCTATCAGCTAACATTGCTCATAGAGGTTCATCTGTTGATCTAGCTATTTTTAGTCTTCACTTAGCAGGAATTTCATCAATTCTTGGAGCAGTAAATTTTATTTCTACAGTAATTAATATACGATCAACTGGAATTACCTTTGACCGAATACCCCTATTTGTATGAGCTGTGGCAATTACAGCCCTATTACTTCTACTTTCACTACCAGTCCTAGCTGGAGCTATTACAATATTATTAACAGACCGAAATCTAAATACATCCTTCTTTGACCCAGCAGGTGGGGGAGACCCCATCTTGTATCAACACTTATTC
61,AACACTTTACTTCCTTTTTGGAGCCTGAGCTGGAATACTCGGAACTTCATTAAGACTATTGATTCGGGCCGAATTAGGAAACCCAGGTTCTCTAATTGGCAATGATCAAATCTACAATGTTATTGTCACAGCCCATGCTTTTATCATAATTTTCTTTATAGTTATACCTATCATAATTGGGGGATTCGGAAACTGACTAGTACCCCTAATACTCGGAGCTCCTGACATAGCATTTCCCCGAATAAACAACATAAGATTCTGATTCTTACCCCCGTCACTTTCCCTCTTGCTAATAAGAAGAATTGTTGAAAATGGTGCTGGTACGGGATGAACCGTTTATCCCCCCCTATCAGCTAACATTGCTCATAGAGGTTCATCTGTTGATCTAGCTATTTTTAGTCTTCACTTAGCAGGAATTTCATCAATTCTTGGAGCAGTAAATTTTATTTCTACAGTAATTAATATACGATCAACTGGAATTACCTTTGACCGAATACCCCTATTTGTATGAGCTGTGGCAATTACAGCCCTATTACTTCTACTTTCACTACCAGTCCTAGCTGGAGCTATTACAATATTATTAACAGACCGAAATCTAAATACATCCTTCTTTGACCCAGCAGGTGGGGGAGACCCCATCTTGTATCAACACTTATTC
62,AACACTTTACTTCCTTTTTGGAGCCTGAGCTGGAATACTCGGAACTTCATTAAGACTATTGATTCGGGCCGAATTAGGAAACCCAGGTTCTCTAATTGGCAATGATCAAATCTACAATGTTATTGTCACAGCCCATGCTTTTATCATAATTTTCTTTATAGTTATACCTATCATAATTGGGGGATTCGGAAACTGACTAGTACCCCTAATACTCGGAGCTCCTGACATAGCATTTCCCCGAATAAACAACATAAGATTCTGATTCTTACCCCCGTCACTTTCCCTCTTGCTAATAAGAAGAATTGTTGAAAATGGTGCTGGTACGGGATGAACCGTTTATCCCCCCCTATCAGCTAACATTGCTCATAGAGGTTCATCTGTTGATCTAGCTATTTTTAGTCTTCACTTAGCAGGAATTTCATCAATTCTTGGAGCAGTAAATTTTATTTCTACAGTAATTAATATACGATCAACTGGAATTACCTTTGACCGAATACCCCTATTTGTATGAGCTGTGGCAATTACAGCCCTATTACTTCTACTTTCACTACCAGTCCTAGCTGGAGCTATTACAATATTATTAACAGACCGAAATCTAAATACATCCTTCTTTGACCCAGCAGGTGGGGGAGACCCCATCTTGTATCAACACTTATTC
63,-ACACTTTACTTCCTTTTTGGAGCCTGAGCTGGAATACTCGGAACTTCATTAAGACTATTGATTCGGGCCGAATTAGGAAACCCAGGTTCTCTAATTGGCAATGATCAAATCTACAATGTTATTGTCACAGCCCATGCTTTTATCATAATTTTCTTTATAGTTATACCTATCATAATTGGGGGATTCGGAAACTGACTAGTACCCCTAATACTCGGAGCTCCTGACATAGCATTTCCCCGAATAAACAACATAAGATTCTGATTCTTACCCCCGTCACTTTCCCTCTTGCTAATAAGAAGAATTGTTGAAAATGGTGCTGGTACGGGATGAACCGTTTATCCCCCCCTATCAGCTAACATTGCTCATAGAGGTTCATCTGTTGATCTAGCTATTTTTAGTCTTCACTTAGCAGGAATTTCATCAATTCTTGGAGCAGTAAATTTTATTTCTACAGTAATTAATATACGATCAACTGGAATTACCTTTGACCGAATACCCCTATTTGTATGAGCTGTGGCAATTACAGCCTTATTACTTCTACTTTCACTACCAGTCCTAGCTGGAGCTATTACAATATTATTAACAGACCGAAATCTAAATACATCCTTCTTTGACCCAGCAGGTGGGGGAGACCCCATCTTGTATCAACACTTATTC
64,TACCCTATATTTTATTTTCGGAAGATGGGCAGGAACTGTCGGCACATCTTTAAGAATACTAATTCGAACAGAATTAGGAACTCCCGGTAGGTTAATTGGAAACGACCAAATTTATAATTCTATCGTAACCGCTCATGCTTTTATTATAATTTTTTTTATAGTAATACCAATCTTAATCGGGGGATTTGGAAACTGACTAGTACCTTTAATATTAGGGGCCCCTGATATGGCATTCCCTCGTCTTAACAACATAAGATTCTGACTTCTACCCCCTTCAATTATACTTTTATTAATAAGAAGAATTATTAATAAAGGAGTAGGCACAGGATGAACTGTTTACCCTCCATTATCCTCTAATATCACACATGAAGGAGCTTCTGTTGATTTAGCTATTTTTAGATTACACATAGCCGGAATCTCCTCAATTCTTGGGGCTATTAACTTTATTTCTACCATTATAAATATACGTCCCCAAGGTATAAGATATGACAAAATACCCTTATTTTCTTGAGCTGTTTTAATTACGGCAATCTTATTACTCCTATCTCTCCCAGTTTTAGCAGGAGCAATTACAATATTATTAACTGATCGTAATATTAATACATCATTTTTTGACCCAGCTGGGGGAGGAGACCCTATTTTATATCAACACTTATTT
65,TACCCTATATTTTATTTTCGGAAGATGGGCAGGAACTGTCGGCACATCTTTAAGAATACTAATTCGAACAGAATTAGGAACTCCCGGTAGGTTAATTGGAAACGACCAAATTTATAATTCTATCGTAACCGCTCATGCTTTTATTATAATTTTTTTTATAGTAATACCAATCTTAATCGGAGGATTTGGAAACTGACTAGTACCTTTAATATTAGGAGCCCCTGATATGGCATTCCCTCGTCTTAACAACATAAGATTCTGACTTCTACCCCCTTCAATTATACTTTTATTAATAAGAAGAATTATTAATAAAGGAGCAGGCACAGGATGAACTGTTTACCCTCCATTATCCTCTAATATCACACATGAAGGAGCTTCTGTTGATTTAGCTATTTTTAGATTACACATAGCCGGAATCTCCTCAATTCTTGGGGCTATTAACTTTATTTCTACCATTATAAATATACGTCCCCAAGGTATAAGATATGACAAAATACCCTTATTTTCTTGAGCTGTTTTAATTACAGCAATCCTATTACTCTTGTCTCTCCCAGTTTTAGCAGGAGCAATTACAATATTATTAACTGATCGTAATATTAATACATCATTTTTTGACCCAGCTGGGGGAGGAGACCCTATTTTATATCAACACTTATTT
66,TACCCTATATTTTATTTTCGGAAGATGGGCAGGAACTGTCGGCACATCTTTAAGAATACTAATTCGAACAGAATTAGGAACTCCCGGTAGGTTAATTGGAAACGACCAAATTTATAATTCTATCGTAACCGCTCATGCTTTTATTATAATTTTTTTTATAGTAATACCAATCTTAATCGGGGGATTTGGAAACTGACTAGTACCTTTAATATTAGGGGCCCCTGATATGGCATTCCCTCGTCTTAACAACATAAGATTCTGACTTCTACCCCCTTCAATTATACTTTTATTAATAAGAAGAATTATTAATAAAGGAGCAGGCACAGGATGAACTGTTTACCCTCCATTATCCTCTAATATCACACATGAAGGAGCTTCTGTTGATTTAGCTATTTTTAGATTACACATAGCCGGAATCTCCTCAATTCTTGGGGCTATTAACTTTATTTCTACCATTATAAATATACGTCCCCAAGGTATAAGATATGACAAAATACCCTTATTTTCTTGAGCTGTTTTAATTACGGCAATCTTATTACTCCTATCTCTCCCAGTTTTAGCAGGAGCAATTACAATATTATTAACTGATCGTAATATTAATACATCATTTTTTGACCCAGCTGGGGGAGGAGACCCTATTTTATATCAACACTTATTT
67,TACTCTATATTTTATTTTCGGAAGATGAGCAGGAACTGTCGGCACATCTTTAAGAATACTAATTCGAACAGAATTAGGAACTCCCGGTAGGTTAATTGGAAACGACCAAATTTATAATTCTATTGTAACCGCTCATGCTTTTATTATAATTTTTTTCATAGTAATACCAATCTTAATTGGAGGATTTGGAAACTGACTAGTACCTTTAATATTAGGAGCCCCTGATATAGCATTCCCTCGTCTTAACAACATAAGATTCTGACTTCTACCCCCTTCAATTATACTTTTATTAATAAGAAGAATTATTAATAAAGGGGCAGGTACAGGATGAACTGTTTACCCTCCACTATCCTCTAATATCACACATGAAGGAGCTTCTGTTGATTTAGCTATTTTTAGATTACACATAGCCGGAATCTCCTCAATTCTTGGGGCTATTAACTTTATTTCTACCATTATAAACATACGTCCCCAAGGTATAAGTTATGATAAAATACCCTTATTCTCTTGAGCTGTTTTAATTACAGCAATCTTATTACTTCTATCTCTCCCTGTTTTAGCAGGAGCAATTACAATATTATTAACTGATCGTAATATTAATACATCATTTTTTGACCCAGCTGGGGGAGGAGACCCTATTTTATATCAACACTTATTT
68,TACCCTATATTTTATTTTCGGAAGATGGGCAGGAACTGTCGGCACATCTTTAAGAATACTAATTCGAACAGAATTAGGAACTCCCGGTAGGTTAATTGGAAACGACCAAATTTATAATTCTATCGTAACCGCTCATGCTTTTATTATAATTTTTTTTATAGTAATACCAATCTTAATCGGGGGATTTGGAAACTGACTAGTACCTTTAATATTAGGGGCCCCTGATATGGCATTCCCTCGTCTTAACAACATAAGATTCTGACTTCTACCCCCTTCAATTATACTTTTATTAATAAGAAGAATTATTAATAAAGGAGTAGGCACAGGATGAACTGTTTACCCTCCATTATCCTCTAATATCACACATGAAGGAGCTTCTGTTGATTTAGCTATTTTTAGATTACACATAGCCGGAATCTCCTCAATTCTTGGGGCTATTAACTTTATTTCTACCATTATAAATATACGTCCCCAAGGTATAAGATATGACAAAATACCCTTATTTTCTTGAGCTGTTTTAATTACGGCAATCTTATTACTCCTATCTCTCCCAGTTTTAGCAGGAGCAATTACAATATTATTAACTGATCGTAATATTAATACATCATTTTTTGACCCAGCTGGGGGAGGAGACCCTATTTTATATCAACACTTATTT
69,TACCCTATATTTTATTTTCGGAAGATGGGCAGGAACTGTCGGCACATCTTTAAGAATACTAATTCGAACAGAATTAGGAACTCCCGGTAGGTTAATTGGAAACGACCAAATTTATAATTCTATCGTAACCGCTCATGCTTTTATTATAATTTTTTTTATAGTAATACCAATCTTAATCGGGGGATTTGGAAACTGACTAGTACCTTTAATATTAGGGGCCCCTGATATGGCATTCCCTCGTCTTAACAACATAAGATTCTGACTTCTACCCCCTTCAATTATACTTTTATTAATAAGAAGAATTATTAATAAAGGAGTAGGCACAGGATGAACTGTTTACCCTCCATTATCCTCTAATATCACACATGAAGGAGCTTCTGTTGATTTAGCTATTTTTAGATTACACATAGCCGGAATCTCCTCAATTCTTGGGGCTATTAACTTTATTTCTACCATTATAAATATACGTCCCCAAGGTATAAGATATGACAAAATACCCTTATTTTCTTGAGCTGTTTTAATTACGGCAATCTTATTACTCCTATCTCTCCCAGTTTTAGCAGGAGCAATTACAATATTATTAACTGATCGTAATATTAATACATCATTTTTTGACCCAGCTGGGGGAGGAGACCCTATTTTATATCAACACTTATTT
70,TACTCTATATTTTATTTTCGGAAGATGAGCAGGAACTGTCGGCACATCTTTAAGAATACTAATTCGAACAGAATTAGGAACTCCCGGTAGGTTAATTGGAAACGACCAAATTTATAATTCTATTGTAACCGCTCATGCTTTTATTATAATTTTTTTCATAGTAATACCAATCTTAATTGGAGGATTTGGAAACTGACTAGTACCTTTAATATTAGGAGCCCCTGATATAGCATTCCCTCGTCTTAACAACATAAGATTCTGACTTCTACCCCCTTCAATTATACTTTTATTAATAAGAAGAATTATTAATAAAGGGGCAGGCACAGGATGAACTGTTTACCCTCCACTATCCTCTAATATCACACATGAAGGAGCTTCTGTTGATTTAGCTATTTTTAGATTACACATAGCCGGAATCTCCTCAATTCTTGGGGCTATTAACTTTATTTCTACCATTATAAACATACGTCCCCAAGGTATAAGTTATGATAAAATACCCTTATTCTCTTGAGCTGTTTTAATTACAGCAATCTTATTACTTCTATCTCTCCCTGTTTTAGCAGGAGCAATTACAATATTATTAACTGATCGTAATATTAATACATCATTTTTTGACCCAGCTGGGGGAGGAGACCCTATTTTATATCAACACTTATTT
71,TACCCTATATTTTATTTTCGGAAGATGGGCAGGAACTGTCGGCACATCTTTAAGAATACTAATTCGAACAGAATTAGGAACTCCCGGTAGGTTAATTGGAAACGACCAAATTTATAATTCTATCGTAACCGCTCATGCTTTTATTATAATTTTTTTTATAGTAATACCAATCTTAATCGGGGGATTTGGAAACTGATTAGTACCTTTAATATTAGGGGCCCCTGATATGGCATTCCCTCGTCTTAACAACATAAGATTCTGACTTCTACCCCCTTCAATTATACTTTTATTAATAAGAAGAATTATTAATAAAGGAGCAGGCACAGGATGAACTGTTTACCCTCCATTATCCTCTAATATCACACATGAAGGAGCTTCTGTTGATTTAGCTATTTTTAGATTACACATAGCCGGAATCTCCTCAATTCTTGGGGCTATTAACTTTATTTCTACCATTATAAATATACGTCCCCAAGGTATAAGGTATGACAAAATACCCTTATTTTCTTGAGCTGTTTTAATTACGGCAACCTTATTACTCCTATCTCTCCCAGTTTTAGCAGGAGCAATTACAATATTATTAACTGATCGTAATATTAATACATCATTTTTTGACCCAGCTGGGGGAGGAGACCCTATTTTATATCAACACTTATTT
72,TACCCTATATTTTATTTTCGGAAGATGGGCAGGAACTGTCGGCACATCTTTAAGAATACTAATTCGAACAGAATTAGGAACTCCCGGTAGGTTAATTGGAAACGACCAAATTTATAATTCTATCGTAACCGCTCATGCTTTTATTATAATTTTTTTTATAGTAATACCAATCTTAATCGGGGGATTTGGAAACTGACTAGTACCTTTAATATTAGGGGCCCCTGATATGGCATTCCCTCGTCTTAACAACATAAGATTCTGACTTCTACCCCCTTCAATTATACTTTTATTAATAAGAAGAATTATTAATAAAGGAGCAGGCACAGGATGAACTGTTTACCCTCCATTATCCTCTAATATCACACATGAAGGAGCTTCTGTTGATTTAGCTATTTTTAGATTACACATAGCCGGAATCTCCTCAATTCTTGGGGCTATTAACTTTATTTCTACCATTATAAATATACGTCCCCAAGGTATAAGATATGACAAAATACCCTTATTTTCTTGAGCTGTTTTAATTACGGCAATCTTATTACTCCTATCTCTCCCAGTTTTAGCAGGAGCAATTACAATATTATTAACTGATCGTAATATTAATACATCATTTTTTGACCCAGCTGGGGGAGGAGACCCTATTTTATATCAACACTTATTT
73,TACCCTATATTTTATTTTCGGAAGATGGGCAGGAACTGTCGGCACATCTTTAAGAATACTAATTCGAACAGAATTAGGAACTCCCGGTAGGTTGATTGGAAACGACCAAATTTATAATTCTATCGTAACCGCTCATGCTTTTATTATAATTTTTTTTATAGTAATACCAATCTTAATCGGGGGATTTGGAAACTGACTAGTACCTTTAATATTAGGGGCCCCTGATATGGCATTCCCTCGTCTTAACAACATAAGATTCTGACTTCTACCCCCTTCAATTATACTTTTATTAATAAGAAGAATTATTAATAAAGGAGCAGGCACAGGATGAACTGTTTACCCTCCATTATCCTCTAATATCACACATGAAGGAGCTTCTGTTGATTTAGCTATTTTTAGATTACACATAGCCGGAATCTCCTCAATTCTTGGGGCTATTAACTTTATTTCTACCATTATAAATATACGTCCCCAAGGTATAAGATATGACAAAATACCCTTATTTTCTTGAGCTGTTTTAATTACGGCAATCTTATTACTCCTATCTCTCCCAGTTTTAGCAGGAGCAATTACAATATTATTAACTGATCGTAATATTAATACATCATTTTTTGACCCAGCTGGGGGAGGAGACCCTATTTTATATCAACACTTATTT
74,TACCCTATATTTTATTTTCGGAAGATGGGCAGGAACTGTCGGCACATCTTTAAGAATACTAATTCGAACAGAATTAGGAACTCCCGGTAGGTTAATTGGAAACGACCAAATTTATAATTCTATCGTAACCGCTCATGCTTTTATTATAATTTTTTTTATAGTAATACCAATCTTAATCGGAGGATTTGGAAACTGACTAGTACCTTTAATATTAGGAGCCCCTGATATGGCATTCCCTCGTCTTAACAACATAAGATTCTGACTTCTACCCCCTTCAATTATACTTTTATTAATAAGAAGAATTATTAATAAAGGAGCAGGTACAGGATGAACTGTTTACCCTCCATTATCCTCTAATATCACACATGAAGGAGCTTCTGTTGATTTAGCTATTTTTAGATTACACATAGCCGGAATCTCCTCAATTCTTGGGGCTATTAACTTTATTTCTACCATTATAAATATACGTCCCCAAGGTATAAGATATGACAAAATACCCTTATTTTCTTGAGCTGTTTTAATTACAGCAATCCTATTACTCTTGTCTCTCCCAGTTTTAGCAGGAGCAATTACAATATTATTAACTGATCGTAATATTAATACATCATTTTTTGACCCAGCTGGGGGAGGAGACCCTATTTTATATCAACACTTATTT
75,TACCCTATATTTTATTTTCGGAAGATGGGCAGGAACTGTCGGCACATCTTTAAGAATACTAATTCGAACAGAATTAGGAACTCCCGGTAGGTTAATTGGAAACGACCAAATTTATAATTCTATCGTAACCGCTCATGCTTTTATTATAATTTTTTTTATAGTAATACCAATCTTAATCGGGGGATTTGGAAACTGACTAGTACCTTTAATATTAGGGGCCCCTGATATGGCATTCCCTCGTCTTAACAACATAAGATTCTGACTTCTACCCCCTTCAATTATACTTTTATTAATAAGAAGAATTATTAATAAAGGAGTAGGCACAGGATGAACTGTTTACCCTCCATTATCCTCTAATATCACACATGAAGGAGCTTCTGTTGATTTAGCTATTTTTAGATTACACATAGCCGGAATCTCCTCAATTCTTGGGGCTATTAACTTTATTTCTACCATTATAAATATACGTCCCCAAGGTATAAGATATGACAAAATACCCTTATTTTCTTGAGCTGTTTTAATTACGGCAATCTTATTACTCCTATCTCTCCCAGTTTTAGCAGGAGCAATTACAATATTATTAACTGATCGTAATATTAATACATCATTTTTTGACCCAGCTGGGGGAGGAGACCCTATTTTATATCAACACTTATTT
76,TACTCTATATTTTATTTTCGGAAGATGAGCAGGAACTGTCGGCACATCTTTAAGAATACTAATTCGAACAGAATTAGGAACTCCCGGTAGGTTAATTGGAAACGACCAAATTTATAATTCTATTGTAACCGCTCATGCTTTTATTATAATTTTTTTCATAGTAATACCAATCTTAATTGGAGGATTTGGAAACTGACTAGTACCTTTAATATTAGGAGCCCCTGATATAGCATTCCCTCGTCTTAACAACATAAGATTCTGACTTCTACCCCCTTCAATTATACTTTTATTAATAAGAAGAATTATTAATAAAGGGGCAGGTACAGGATGAACTGTTTACCCTCCACTATCCTCTAATATCACACATGAAGGAGCTTCTGTTGATTTAGCTATTTTTAGATTACACATAGCCGGAATCTCCTCAATTCTTGGGGCTATTAACTTTATTTCTACCATTATAAACATACGTCCCCAAGGTATAAGTTATGATAAAATACCCTTATTCTCTTGAGCTGTTTTAATTACAGCAATCTTATTACTTCTATCTCTCCCTGTTTTAGCAGGAGCAATTACAATATTATTAACTGATCGTAATATTAATACATCATTTTTTGACCCAGCTGGGGGAGGAGACCCTATTTTATATCAACACTTATTT
77,TACCCTATATTTTATTTTCGGAAGATGGGCAGGAACTGTCGGCACATCTTTAAGAATACTAATTCGAACAGAATTAGGAACTCCCGGTAGGTTAATTGGAAACGACCAAATTTATAATTCTATCGTAACCGCTCATGCTTTTATTATAATTTTTTTTATAGTAATACCAATCTTAATCGGGGGATTTGGAAACTGACTAGTACCTTTAATATTAGGGGCCCCTGATATGGCATTCCCTCGTCTTAACAACATAAGATTCTGACTTCTACCCCCTTCAATTATACTTTTATTAATAAGAAGAATTATTAATAAAGGAGTAGGCACCGGATGAACTGTTTACCCTCCATTATCCTCTAATATCACACATGAAGGAGCTTCTGTTGATTTAGCTATTTTTAGATTACACATAGCCGGAATCTCCTCAATTCTTGGGGCTATTAACTTTATTTCTACCATTATAAATATACGTCCCCAAGGTATAAGATATGACAAAATACCCTTATTTTCTTGAGCTGTTTTAATTACGGCAATCTTATTACTCCTATCTCTCCCAGTTTTAGCAGGAGCAATTACAATATTATTAACTGATCGTAATATTAATACATCATTTTTTGACCCAGCTGGGGGAGGAGACCCTATTTTATATCAACACTTATTT
78,TACCCTATATTTTATTTTCGGAAGATGGGCAGGAACTGTCGGCACATCTTTAAGAATACTAATTCGAACAGAATTAGGAACTCCCGGTAGGTTAATTGGAAACGACCAAATTTATAATTCTATCGTAACCGCTCATGCTTTTATTATAATTTTTTTTATAGTAATACCAATCTTAATCGGGGGATTTGGAAACTGACTAGTACCTTTAATATTAGGGGCCCCTGATATGGCATTCCCTCGTCTTAACAACATAAGATTCTGACTTCTACCCCCTTCAATTATACTTTTATTAATAAGAAGAATTATTAATAAAGGAGTAGGCACAGGATGAACTGTTTACCCTCCATTATCCTCTAATATCACACATGAAGGAGCTTCTGTTGATTTAGCTATTTTTAGATTACACATAGCCGGAATCTCCTCAATTCTTGGGGCTATTAACTTTATTTCTACCATTATAAATATACGTCCCCAAGGTATAAGATATGACAAAATACCCTTATTTTCTTGAGCTGTTTTAATTACGGCAATCTTATTACTCCTATCTCTCCCAGTTTTAGCAGGAGCAATTACAATATTATTAACTGATCGTAATATTAATACATCATTTTTTGACCCAGCTGGGGGAGGAGACCCTATTTTATATCAACACTTATTT
79,TACCCTATATTTTATTTTCGGAAGATGGGCAGGAACTGTCGGCACATCTTTAAGAATACTAATTCGAACAGAATTAGGAACTCCCGGTAGGTTAATTGGAAACGACCAAATTTATAATTCTATCGTAACCGCTCATGCTTTTATTATAATTTTTTTTATAGTAATACCAATCTTAATCGGAGGATTTGGAAACTGACTAGTACCTTTAATATTAGGAGCCCCTGATATGGCATTCCCTCGTCTTAACAACATAAGATTCTGACTTCTACCCCCTTCAATTATACTTTTATTAATAAGAAGAATTATTAATAAAGGAGCAGGTACAGGATGAACTGTTTACCCTCCATTATCCTCTAATATCACACATGAAGGAGCTTCTGTTGATTTAGCTATTTTTAGATTACACATAGCCGGAATCTCCTCAATTCTTGGGGCTATTAACTTTATTTCTACCATTATAAATATACGTCCCCAAGGTATAAGATATGACAAAATACCCTTATTTTCTTGAGCTGTTTTAATTACAGCAATCCTATTACTCTTGTCTCTCCCAGTTTTAGCAGGAGCAATTACAATATTATTAACTGATCGTAATATTAATACATCATTTTTTGACCCAGCTGGGGGAGGAGACCCTATTTTATATCAACACTTATTT
80,TACTCTATATTTTATTTTCGGAAGATGAGCAGGAACTGTCGGCACATCTTTAAGAATACTAATTCGAACAGAATTAGGAACTCCCGGTAGGTTAATTGGAAACGACCAAATTTATAATTCTATTGTAACCGCTCATGCTTTTATTATAATTTTTTTCATAGTAATACCAATCTTAATTGGAGGATTTGGAAACTGACTAGTACCTTTAATATTAGGAGCCCCTGATATAGCATTCCCTCGTCTTAACAACATAAGATTCTGACTTCTACCCCCTTCAATTATACTTTTATTAATAAGAAGAATTATTAATAAAGGGGCAGGTACAGGATGAACTGTTTACCCTCCACTATCCTCTAATATCACACATGAAGGAGCTTCTGTTGATTTAGCTATTTTTAGATTACACATAGCCGGAATCTCCTCAATTCTTGGAGCTATTAACTTTATTTCTACCATTATAAACATACGTCCCCAAGGTATAAGTTATGATAAAATACCCTTATTCTCTTGAGCTGTTTTAATTACAGCAATCTTATTACTTCTATCTCTCCCTGTTTTAGCAGGAGCAATTACAATATTATTAACTGATCGTAATATTAATACATCATTTTTTGACCCAGCTGGGGGAGGAGACCCTATTTTATATCAACACTTATTT
81,TACCCTATATTTTATTTTCGGAAGATGGGCAGGAACTGTCGGCACATCTTTAAGAATACTAATTCGAACAGAATTAGGAACTCCCGGTAGGTTAATTGGAAACGACCAAATTTATAATTCTATCGTAACCGCTCATGCTTTTATTATAATTTTTTTTATAGTAATACCAATCTTAATCGGAGGATTTGGAAACTGACTAGTACCTTTAATATTAGGAGCCCCTGATATGGCATTTCCTCGTCTTAACAACATAAGATTCTGACTTCTACCCCCTTCAATTATACTTTTATTAATAAGAAGAATTATTAATAAAGGAGCAGGCACAGGATGAACTGTTTACCCCCCATTATCCTCTAATATCACACATGAAGGAGCTTCTGTTGATTTAGCTATTTTTAGATTACACATAGCCGGAATCTCCTCAATTCTTGGGGCTATTAACTTTATTTCTACCATTATAAATATACGTCCCCAAGGTATAAGATATGACAAAATACCCTTATTTTCTTGAGCTGTTTTAATTACAGCAATCTTATTACTCTTATCTCTCCCAGTTTTAGCAGGAGCAATTACAATATTATTAACTGATCGTAATATTAATACATCATTTTTTGACCCAGCTGGGGGAGGAGACCCTATTTTATATCAACACTTATTT
82,------------------------------------TTTAGGAATATCAATAAGAATAATTATTCGAATAGAATTAGGAAATCCAGGGTCAATAATTGGCAATGATCAAATTTATAATGTTATTGTTACAACTCATGCATTTACAATAATTTTTTTTTTTGTTATACCTGTAATAATAGGGGGGTTTGGAAATTATTTAATTCCCATAATAATAGGAGTTCCAGATATAGCCTTTCCTCGAATAAATAATATAAGATTTTGATTATTACCTCCAAGATTATTATTATTATTATCTAGAATATTTATTGGAAGAGGAACAGGTACTGGATGAACAGTATACCCTCCTTTATCGGGAAATTTATCACATAGAGGTCCATCTGTTGACCTATCAATTTTTTCATTGCATATTGCTGGAGTCTCATCAATTATAGCTTCTATTAATTTTATTTCAACTATTTTAAATATAAAAATTTTTAAAATAGAAATAATTTCATTATTTTCTTGATCTATAATATTAACTGCTATTTTATTATTATTATCTCTTCCAGTCTTAGCGGGAGCTATTACTATATTACTATTTGATCGGAATTTAAATACCTCATTTTTTGACCCCTCGGGGGGAGGAG--------------------------------
83,---------------------------------------------------------------------------------------------------------------------------------------------------------------------------------------------------------------------------------------------TCGAATAAATAATATAAGATTTTGATTATTACCCCCAAGATTATTATTATTATTATCTAGAATATTTATTGGAAGAGGAACAGGTACTGGATGAACAGTATACCCTCCTTTATCGGGAAATTTATCACATAGAGGTCCATCTGTTGACCTATCAATTTTTTCATTGCATATTGCTGGAGTCTCATCAATTATAGCTTCTATTAATTTTATTTCAACTATTTTAAATATAAAAATTTTTAAAATAGAAATAATTTCATTATTTTCTTGATCTATAATATTAACTGCTATTTTATTATTATTATCTCTTCCAGTCTTAGCAGGAGCTATTACTATATTACTATTTGATCGGAATTTAAATACCTCATTTTTTGACCCCTCGGGGGGAGGAGATCCCATTTTATATC-----------------
84,---------------------------------------------------------------------------------------------------------------------------------------------------------------------------------------------------------------------------------------------TCGAATAAATAATATAAGATTTTGATTATTACCTCCAAGATTATTATTATTATTATCTAGAATATTTATTGGAAGGGGGACAGGTACTGGATGAACAGTATATCCTCCTTTATCGAGAAATTTATCACATAGAGGACCATCTGTTGACTTATCAATTTTTTCATTACATATTGCTGGAGTTTCATCAATTATAGCTTCTATTAATTTTATTTCAACTATTTTAAATATAAAAATTTTTAAAATAGAAATAATTTCATTATTTTCTTGATCTATAATATTAACTGCTATTTTATTATTATTATCTCTCCCAGTCTTAGCGGGGGCTATTACTATATTACTATTTGATCGGAATTTAAATACCTCGTTTTTTGATCCCTCAGGGGGAGGGGATCCCATTTTATATCAACACTTATTT------
85,-----------------------------------------------CAATAAGAATAATTATTCGAATAGAATTAGGAAACCCAGGGTCAATAATTGGCAATGATCAAATTTATAATGTTATTGTTACAACTCATGCATTTACAATAATTTTTTTTTTTGTTATACCTGTAATAATAGGGGGGTTTGGAAATTATTTAATTCCCATAATAATAGGAGTTCCAGATATAGCCTTTCCTCGAATAAATAATATAAGATTTTGATTATTACCCCCAAGATTATTATTATTATTATCTAGAATATTTATTGGAAGAGGAACAGGTACTGGATGAACAGTATACCCTCCTTTATCGGGAAATTTATCACATAGAGGTCCATCTGTTGACCTATCAATTTTTTCATTGCATATTGCTGGAGTCTCATCAATTATAGCTTCTATTAATTTTATTTCAACTATTTTAAATATAAAAATTTTTAAAATAGAAATAATTTCATTATTTTCTTGATCTATAATATTAACTGCTATTTTATTATTATTATCTCTTCCAGTCTTAGCAGGAGCTATTACTATATTACTATTTGATCGGAATTTAAATACCTCATTTTTTGACCCCTCGGGGGGAGGA---------------------------------
86,---------------------------------------------------------------------------------------------------------------------------------------------------------------------------------------------------------------------------------------------TCGAATAAATAATATAAGATTTTGATTATTACCCCCAAGATTATTATTATTATTATCTAGAATATTTATTGGAAGAGGAACAGGTACTGGATGAACAGTATACCCTCCTTTATCGGGAAATTTATCACATAGAGGTCCATCTGTTGACCTATCAATTTTTTCATTGCATATTGCTGGAGTCTCATCAATTATAGCTTCTATTAATTTTATTTCAACTATTTTAAATATAAAAATTTTTAAAATAGAAATAATTTCATTATTTTCTTGATCTATAATATTAACTGCTATTTTATTATTATTATCTCTTCCAGTCTTAGCAGGAGCTATTACTATATTACTATTTGATCGGAATTTAAATACCTCATTTTTTGACCCCTCAGGGGGAGGAGATCCCATTTTATATCAGCACTTATTT------
87,TATTTTATATTTTATTTTAGGTATATGATCTGGAATTTTAGGAATATCAATAAGAATAATTATTCGAATAGAATTAGGAAACCCAGGGTCAATAATTGGCAATGATCAAATTTATAATGTTATTGTTACAACTCATGCATTTACAATAATTTTTTTTTNTGTTATACCTGTAATAATAGGGGGGTTTGGAAATTATTTAATTCCCATAATAATAGGAGTTCCAGATATAGCCTTTCCTCGAATAAATAATATAAGATTTTGATTATTACCCCCAAGATTATTATTATTATTATCTAGAATATTTATTGGAAGAGGAACAGGTACTGGATGAACAGTATACCCTCCTTTATCGGGAAATTTATCACATAGAGGTCCATCTGTTGACCTATCAATTTTTTCATTGCATATTGCTGGAGTCTCATCAATTATAGCTTCTATTAATTTTATTTCAACTATTTTAAATATAAAAATTTTTAAAATAGAAATAATTTCATTATTTTCTTGATCTATAATATTAACTGCTATTTTATTATTATTATCTCTTCCAGTCTTAGCAGGAGCTATTACTATATTACTATTTGATCGGAATTTAAATACCTCATTTTTTGACCCCTCGGGGGGAGGAGATCCCATTTTATATCAGCACTTATTT------
88,----------------------------------------GGGATATCAATAAGAATAATTATTCGAATAGAATTAGGAAATCCAGGGTCAATAATTGGCAATGATCAAATTTATAATGTTATTGTTACAACTCATGCATTTACAATAATTTTTTTTTTTGTTATACCTGTAATAATAGGGGGGTTTGGAAATTATTTAATTCCCATAATAATAGGAGTTCCAGATATAGCCTTTCCTCGAATAAATAATATAAGATTTTGATTATTACCTCCAAGATTATTATTATTATTATCTAGAATATTTATTGGAAGAGGAACAGGTACTGGATGAACAGTATACCCTCCTTTATCGGGAAATTTATCACATAGAGGTCCATCTGTTGACCTATCAATTTTTTCATTGCATATTGCTGGAGTCTCATCAATTATAGCTTCTATTAATTTTATTTCAACTATTTTAAATATAAAAATTTTTAAAATAGAAATAATTTCATTATTTTCTTGATCTATAATATTAACTGCTATTTTATTATTATTATCTCTTCCAGTCTTAGCGGGAGCTATTACTATATTACTATTTGATCGGAATTTAAATACCTCATTTTT----------------------------------------------------
89,---------------------------------------------------------------------------------------------------------------------------------------------------------------------------------------------------------------------------------------------TCGAATAAATAATATAAGATTTTGATTATTACCTCCAAGATTATTATTATTATTATCTAGAATATTTATTGGAAGAGGAACAGGTACTGGATGAACAGTATACCCTCCTTTATCGGGAAATTTATCACATAGAGGTCCATCTGTTGACCTATCAATTTTTTCATTGCATATTGCTGGAGTCTCATCAATTATAGCTTCTATTAATTTTATTTCAACTATTTTAAATATAAAAATTTTTAAAATAGAAATAATTTCATTATTTTCTTGATCTATAATATTAACTGCTATTTTATTATTATTATCTCTTCCAGTCTTAGCGGGAGCTATTACTATATTACTATTTGATCGGAATTTAAATACCTCATTTTTTGACCCCTCGGGGGGAGGAGATCCCATTTTATATCAGCACTTATTT------
90,-----------------------------------------------CAATAAGAATAATTATTCGAATAGAATTGGGAAACCCAGGGTCAATAATTGGTAATGATCAAATTTATAATGTTATTGTTACAACTCATGCATTTACAATAATTTTTTTTTTTGTTATACCTGTAATAATAGGGGGGTTTGGAAATTATTTAATTCCTATAATAATAGGAGTTCCAGATATAGCCTTTCCTCGAATAAATAATATAAGATTTTGATTATTACCTCCAAGATTATTATTATTATTATCTAGAATATTTATTGGAAGGGGAACAGGTACTGGATGAACAGTATATCCTCCTTTATCGGGAAATTTATCACATAGGGGTCCATCTGTTGATTTATCAATTTTTTCATTGCATATTGCTGGAGTTTCATCAATTATAGCTTCTATTAATTTTATTTCAACTATTTTAAATATAAAAATTTTTAAAATAGAAATAATTTCATTATTTTCTTGATCTATAATATTAACTGCTATTTTATTATTATTATCTCTTCCAGTCTTAGCAGGGGCTATTACTATATTACTATTTGATCGAAATTTAAATACCTCATTTTTTG--------------------------------------------------
91,---------------------------------------AGGAATATCAATAAGAATAATTATTCGAATAGAATTAGGAAATCCAGGGTCAATAATTGGCAATGATCAAATTTATAATGTTATTGTTACAACTCATGCATTTACAATAATTTTTTTTTTTGTTATACCTGTAATAATAGGGGGGTTTGGAAATTATTTAATTCCCATAATAATAGGAGTTCCAGATATAGCCTTTCCTCGAATAAATAATATAAGATTTTGATTATTACCCCCAAGATTATTATTATTATTATCTAGAATATTTATTGGAAGAGGAACAGGTACTGGATGAACAGTATACCCTCCTTTATCGGGAAATTTATCACATAGAGGTCCATCTGTTGACCTATCAATTTTTTCATTGCATATTGCTGGAGTCTCATCAATTATAGCTTCTATTAATTTTATTTCAACTATTTTAAATATAAAAATTTTTAAAATAGAAATAATTTCATTATTTTCTTGATCTATAATATTAACTGCTATTTTATTATTATTATCTCTTCCAGTCTTAGCAGGAGCTATTACTATATTACTATTTGATCGGAATTTAAATACCTC----------------------------------------------------------
92,------------------------------------------------------------------------------------------------------------------------------------------------------TTTTTTTTTTGTTATACCTGTAATAATAGGGGGGTTTGGAAATTATTTAATTCCCATAATAATAGGAGTTCCAGATATAGCCTTTCCTCGAATAAATAATATAAGATTTTGATTATTACCCCCAAGATTATTATTATTATTATCTAGAATATTTATTGGAAGAGGAACAGGTACTGGATGAACAGTATACCCTCCTTTATCGGGAAATTTATCACATAGAGGTCCATCTGTTGACCTATCAATTTTTTCATTGCATATTGCTGGAGTCTCATCAATTATAGCTTCTATTAATTTTATTTCAACTATTTTAAATATAAAAATTTTTAAAATAGAAATAATTTCATTATTTTCTTGATCTATAATATTAACTGCTATTTTATTATTATTATCTCTTCCAGTCTTAGCAGGAGCTATTACTATATTACTATTTGATCGGAATTTAAATACCTCATTTTTTGACCCCTCGGGGGGAGGAG--------------------------------
93,---------------------------------------------------------------------------------------------------------------------------------------------------------------------------------------------------------------------------------------------TCGAATAAATAATATAAGATTTTGATTATTACCCCCAAGATTATTATTATTATTATCTAGAATATTTATTGGAAGAGGAACAGGTACTGGATGAACAGTATACCCTCCTTTATCGGGAAATTTATCACATAGAGGTCCATCTGTTGACCTATCAATTTTTTCATTGCATATTGCCGGAGTCTCATCAATTATAGCTTCTATTAATTTTATTTCAACTATTTTAAATATAAAAATTTTTAAAATAGAAACAATTTCATTATTTTCTTGATCTATAATATTAACTGCTATTTTATTATTATTATCTCTTCCAGTCTTAGCAGGAGCTATTACTATATTACTATTTGATCGGAATTTAAATACCTCATTTTTTGACCCCTCAGGGGGAGGAGATCCCATTTTATATCAGCACTTATTT------
94,----------------------ATTTGATCTGGATTAATTGGGTCTTCAATAAGAATATTAATTCGTTTAGAATTAGGAACATGTAATTCTTTAATTTTGAATGATCAAATTTATAATTCATTAATTACTAGTCATGCTTTTATTATAATTTTTTTTATAGTTATACCTTTTATAATTGGTGGATTTGGAAATTACTTAGTGCCTTTAATATTAGGATCTCCAGATATGGCATATCCTCGAATAAATAATATAAGATTTTGATTACTTCCTCCTTCACTAATTTTATTATTATCTAGAAGAATAGTTTTTAGAGGAGTAGGAACTGGATGAACAGTTTATCCTCCCTTATCAAATAATTTATATCATAGTGGATATTCAATTGATTTAGCAATTTTTTCACTTCATATTGCTGGAATATCTTCAATTATAGGGGCAATTAATTTTATTTCAACAATTTTAAATATACATCATAAAAATTTATCTTTAGATAAAATTTCATTATTAATTTGATCCATTTTAATTACAGCTATCTTACTTTTATTATCATTACCTGTTTTAGCAGGAGCAATTACAATATTATTAACGGATCGAAATTTTAATACTTCATTTTTTGATCCTTCAGGAGGTGGAGATCCAATTTTATATCAACATTTATTT
95,AATTTTATATTTTTTATTAGCAATTTGATCTGGATTAATTGGATCTTCAATAAGAATATTAATTCGTTTAGAATTAGGAACATGTAATTCTTTAATTTTGAATGATCAAATTTATAATTCATTAATTACTAGTCATGCTTTTATTATAATTTTTTTTATAGTTATACCTTTTATAATTGGTGGATTTGGAAATTATTTAGTGCCTTTAATATTAGGATCTCCAGATATAGCATATCCTCGAATAAATAATATAAGATTTTGATTACTTCCTCCTTCATTAATTTTATTATTATCTAGAAGAATAGTTTTTAGAGGAGTAGGAACTGGATGAACAGTTTATCCTCCTTTATCAAATAATTTATATCATAGCGGATATTCAACTGATTTAGCAATTTTTTCACTTCATATTGCTGGAATATCTTCAATTATAGGAGCAATTAATTTTATTTCAACAATTTTAAATATGCATCATAAAAATTTATCTTTAGATAAAATTTCATTATTAATTTGATCTATTTTAATTACAGCTATCTTACTTTTATTATCATTACCTGTTTTAGCAGGAGCAATTACAATATTATTAACGGATCGAAATTTTAATACTTCATTTTTTGATCCTTCAGGAGGCGGAGATCCAATTTTATATCAACATTTATTT
96,AATTTTATATTTTTTATTAGCAATTTGATCTGGATTAATTGGGTCTTCAATAAGAATATTAATTCGTTTAGAATTAGGAACATGTAATTCTTTAATTTTGAATGATCAAATTTATAATTCATTAATTACTAGTCATGCTTTTATTATAATTTTTTTTATAGTTATACCTTTTATAATTGGTGGATTTGGAAATTACTTAGTGCCTTTAATATTAGGATCTCCAGATATGGCATATCCTCGAATAAATAATATAAGATTTTGATTACTTCCTCCTTCACTAATTTTATTATTATCTAGAAGAATAGTTTTTAGAGGAGTAGGAACTGGATGAACAGTTTATCCTCCCTTATCAAATAATTTATATCATAGTGGATATTCAACTGATTTAGCAATTTTTTCACTTCATATTGCTGGAATATCTTCAATTATAGGGGCAATTAATTTTATTTCAACAATTTTAAATATACATCATAAAAATTTATCTTTAGATAAAATTTCATTATTAATTTGATCCATTTTAATTACAGCTATCTTACTTTTATTATCATTACCTGTTTTAGCAGGAGCAATTACAATATTATTAACGGATCGAAATTTTAATACTTCATTTTTTGATCCTTCAGGAGGTGGAGATCCAATTTTATATCAACATTTATTT
97,AATTTTATATTTTTTATTAGCAATTTGATCTGGATTAATTGGATCTTCAATAAGAATATTAATTCGTTTAGAATTAGGAACATGTAATTCTTTAATTTTGAATGATCAAATTTATAATTCATTAATTACTAGTCATGCTTTTATTATAATTTTTTTTATAGTTATACCTTTTATAATTGGTGGATTTGGAAATTATTTAGTGCCTTTAATATTAGGATCTCCAGATATAGCATATCCTCGAATAAATAATATAAGATTTTGATTACTTCCTCCTTCATTAATTTTATTATTATCTAGAAGAATAGTTTTTAGAGGAGTAGGAACTGGATGAACAGTTTATCCTCCTTTATCAAATAATTTATATCATAGCGGATATTCAACTGATTTAGCAATTTTTTCACTTCATATTGCTGGAATATCTTCAATTATAGGAGCAATTAATTTTATTTCAACAATTTTAAATATGCATCATAAAAATTTATCTTTAGATAAAATTTCATTATTAATTTGATCTATTTTAATTACAGCTATCTTACTTTTATTATCATTACCTGTTTTAGCAGGAGCAATTACAATATTATTAACGGATCGAAATTTTAATACTTCATTTTTTGATCCTTCAGGAGGCGGAGATCCAATTTTATATCAACATTTATTT
98,AATTTTATATTTTTTATTAGCAATTTGATCTGGATTAATTGGATCTTCAATAAGAATATTAATTCGTTTAGAATTAGGAACATGTAATTCTTTAATTTTGAATGATCAAATTTATAATTCATTAATTACTAGTCATGCTTTTATTATAATTTTTTTTATAGTTATACCTTTTATAATTGGTGGATTTGGAAATTATTTAGTGCCTTTAATATTAGGATCTCCAGATATAGCATATCCTCGAATAAATAATATAAGATTTTGATTACTTCCTCCTTCATTAATTTTATTATTATTTAGAAGAATAGTTTTTAGAGGAGTAGGAACTGGATGAACAGTTTATCCTCCTTTATCAAATAATTTATATCATAGCGGATATTCAACTGATTTAGCAATTTTTTCACTTCATATTGCTGGAATATCTTCAATTATAGGAGCAATTAATTTTATTTCAACAATTTTAAATATGCATCATAAAAATTTATCTTTAGATAAAATTTCATTATTAATTTGATCTATTTTAATTACAGCTATCTTACTTTTATTATCATTACCTGTTTTAGCAGGAGCAATTACAATATTATTAACGGATCGAAATTTTAATACTTCATTTTTTGATCCTTCAGGAGGCGGAGATCCAATTTTATATCAACATTTATTT
99,------------------------TTGATCTGGATTAATTGGGTCTTCAATAAGAATATTAATTCGTTTAGAATTAGGAACATGTAATTCTTTAATTTTGAATGATCAAATTTATAATTCATTAATTACTAGTCATGCTTTTATTATAATTTTTTTTATAGTTATACCTTTTATAATTGGTGGATTTGGAAATTACTTAGTGCCTTTAATATTAGGATCTCCAGATATGGCATATCCTCGAATAAATAATATAAGATTTTGATTACTTCCTCCTTCACTAATTTTATTATTATCTAGAAGAATAGTTTTTAGAGGAGTAGGAACTGGATGAACAGTTTATCCTCCCTTATCAAATAATTTATATCATAGTGGATATTCAACTGATTTAGCAATTTTTTCACTTCATATTGCTGGAATATCTTCAATTATAGGGGCAATTAATTTTATTTCAACAATTTTAAATATACATCATAAAAATTTATCTTTAGATAAAATTTCATTATTAATTTGATCCATTTTAATTACAGCTATCTTACTTTTATTATCATTACCTGTTTTAGCAGGAGCAATTACAATATTATTAACGGATCGAAATTTTAATACTTCATTTTTTGATCCTTCAGGAGGTGGAGATCCAATTTTATATCAACATTTATTT
100,AATTTTATATTTTTTATTAGCAATTTGATCTGGATTAATTGGATCTTCAATAAGAATATTAATTCGTTTAGAATTAGGAACATGTAATTCTTTAATTTTGAATGATCAAATTTATAATTCATTAATTACTAGTCATGCTTTTATTATAATTTTTTTTATAGTTATACCTTTTATAATTGGTGGATTTGGAAATTATTTAGTGCCTTTAATATTAGGATCTCCAGATATAGCATATCCTCGAATAAATAATATAAGATTTTGATTACTTCCTCCTTCATTAATTTTATTATTATCTAGAAGAATAGTTTTTAGAGGAGTAGGAACTGGATGAACAGTTTATCCTCCTTTATCAAATAATTTATATCATAGCGGATATTCAACTGATTTAGCAATTTTTTCACTTCATATTGCTGGAATATCTTCAATTATAGGAGCAATTAATTTTATTTCAACAATTTTAAATATGCATCATAAAAATTTATCTTTAGATAAAATTTCATTATTAATTTGATCTATTTTAATTACAGCTATCTTACTTTTATTATCATTACCTGTTTTAGCAGGAGCAATTACAATATTATTAACGGATCGAAATTTTAATACTTCATTTTTTGATCCTTCAGGAGGCGGAGATCCAATTTTATATCAACATTTATTT
101,AATTTTATATTTTTTATTAGCAATTTGATCTGGATTAATTGGGTCTTCAATAAGAATATTAATTCGTTTAGAATTAGGAACATGTAATTCTTTAATTTTGAATGATCAAATTTATAATTCATTAATTACTAGTCATGCTTTTATTATAATTTTTTTTATAGTTATACCTTTTATAATTGGTGGATTTGGAAATTACTTAGTGCCTTTAATATTAGGATCTCCAGATATGGCATATCCTCGAATAAATAATATAAGATTTTGATTACTTCCTCCTTCACTAATTTTATTATTATCTAGAAGAATAGTTTTTAGAGGAGTAGGAACTGGATGAACAGTTTATCCTCCCTTATCAAATAATTTATATCATAGTGGATATTCAACTGATTTAGCAATTTTTTCACTTCATATTGCTGGAATATCTTCAATTATAGGGGCAATTAATTTTATTTCAACAATTTTAAATATACATCATAAAAATTTATCTTTAGATAAAATTTCATTATTAATTTGATCCATTTTAATTACAGCTATCTTACTTTTATTATCATTACCTGTTTTAGCAGGAGCAATTACAATATTATTAACGGATCGAAATTTTAATACTTCATTTTTTGATCCTTCAGGAGGTGGAGATCCAATTTTATATCAACATTTATTT
102,----------------------ATTTGATCTGGATTAATTGGGTCTTCAATAAGAATATTAATTCGTTTAGAATTAGGAACATGTAATTCTTTAATTTTGAATGATCAAATTTATAATTCATTAATTACTAGTCATGCTTTTATTATAATTTTTTTTATAGTTATACCTTTTATAATTGGTGGATTTGGAAATTACTTAGTGCCTTTAATATTAGGATCTCCAGATATGGCATATCCTCGAATAAATAATATAAGATTTTGATTACTTCCTCCTTCACTAATTTTATTATTATCTAGAAGAATAGTTTTTAGAGGAGTAGGAACTGGATGAACAGTTTATCCTCCCTTATCAAATAATTTATATCATAGTGGATATTCAACTGATTTAGCAATTTTTTCACTTCATATTGCTGGAATATCTTCAATTATAGGGGCAATTAATTTTATTTCAACAATTTTAAATATACATCATAAAAATTTATCTTTAGATAAAATTTCATTATTAATTTGATCCATTTTAATTACAGCTATCTTACTTTTATTATCATTACCTGTTTTAGCAGGAGCAATTACAATATTATTAACGGATCGAAATTTTAATACTTCATTTTTTGATCCTTCAGGAGGTGGAGATCCAATTTTATATCAACATTTATTT
103,AATTTTATTTTTTTATTTAGCAATTTGATCTGGATTAATTGGATCTTCAATAAGAATATTAATTCGTTTAGAATTAGGAACATGTAATTCTTTAATTTTGAATGATCAAATTTATAATTCATTAATTACTAGTCATGCTTTTATTATAATTTTTTTTATAGTTATACCTTTTATAATTGGTGGATTTGGAAATTATTTAGTGCCTTTAATATTAGGATCTCCAGATATAGCATATCCTCGAATAAATAATATAAGATTTTGATTACTTCCTCCTTCATTAATTTTATTATTATCTAGAAGAATAGTTTTTAGAGGAGTAGGAACTGGATGAACAGTTTATCCTCCTTTATCAAATAATTTATATCATAGCGGATATTCAACTGATTTAGCAATTTTTTCACTTCATATTGCTGGAATATCTTCAATTATAGGAGCAATTAATTTTATTTCAACAATTTTAAATATGCATCATAAAAATTTATCTTTAGATAAAATTTCATTATTAATTTGATCTATTTTAATTACAGCTATCTTACTTTTATTATCATTACCTGTTTTAGCAGGAGCAATTACAATATTATTAACGGATCGAAATTTTAATACTTCATTTTTTGATCCTTCAGGAGGCGGAGATCCAATTTTATATCAACATTTATTT
104,AACTTTATATTTTATTTTTGGAGCTTGAGCAGGAATAGTAGGAACTTCCCTTAGTATACTAATTCGTGCCGAATTAGGCCACCCAGGGTCATTAATTGGAGATGATCAAATTTATAATGTTATTGTAACAGCACATGCTTTTATTATAATTTTTTTTATAGTTATACCAATTATAATTGGAGGATTTGGAAATTGATTAGTTCCTCTTATACTTGGAGCCCCAGATATGGCATTTCCTCGAATAAATAATATAAGCTTTTGAATATTACCCCCTTCTCTAACACTTTTATTAGCAAGTAGTATAGTAGAAGCAGGGGCTGGGACAGGTTGAACAGTTTACCCCCCTTTATCTTCTGGAATTGCTCATGCCGGGGCTTCCGTTGACTTAGCTATTTTTTCTCTTCATTTAGCAGGAATCTCTTCTATTTTAGGAGCTGTAAATTTTATTACAACTATTATTAATATACGATCTAATGGAATTACTTTTGATCGAATACCTTTATTTGTCTGATCTGTAGTTATTACAGCAATTTTACTTCTTTTATCTCTACCTGTTTTAGCTGGAGCTATTACAATATTATTAACAGATCGAAATTTAAATACATCTTTTTTTGACCCGGCAGGAGGTGGGGATCCTATTCTTTACCAACATTTATTC
105,AACTTTATATTTTATTTTTGGAGCTTGAGCAGGAATAGTAGGAACTTCCCTTAGTATACTAATTCGTGCCGAATTAGGCCACCCAGGGTCATTAATTGGAGATGATCAAATTTATAATGTTATTGTAACAGCACATGCTTTTATTATAATTTTTTTTATAGTTATACCAATTATAATTGGAGGATTTGGAAATTGATTAGTTCCTCTTATACTTGGAGCCCCAGATATGGCATTTCCTCGAATGAATAATATAAGCTTTTGAATATTACCCCCTTCTCTAACACTTTTATTAGCAAGTAGTATAGTAGAAGCAGGGGCTGGGACAGGTTGAACAGTTTACCCCCCTTTATCTTCTGGAATTGCTCATGCCGGGGCTTCCGTTGACTTAGCTATTTTTTCTCTTCATTTAGCAGGAATCTCTTCTATTTTAGGAGCTGTAAATTTTATTACAACTATTATTAATATACGATCTAATGGAATTACTTTTGATCGAATACCTTTATTTGTCTGATCTGTAGTTATTACAGCAATTTTACTTCTTTTATCTCTACCTGTTTTAGCTGGAGCTATTACAATATTATTAACAGATCGAAATTTAAATACATCTTTTTTTGACCCGGCAGGAGGTGGGGATCCTATTCTTTACCAACATTTATTC
106,AACTTTATATTTTATTTTTGGAGCTTGAGCAGGAATAGTAGGAACTTCCCTTAGTATACTAATTCGTGCCGAATTAGGCCACCCAGGGTCATTAATTGGAGATGATCAAATTTATAATGTTATTGTAACAGCACATGCTTTTATTATAATTTTTTTTATAGTTATACCAATTATAATTGGAGGATTTGGAAATTGATTAGTTCCTCTTATACTTGGAGCCCCAGATATGGCATTTCCTCGAATGAATAATATAAGCTTTTGAATATTACCCCCTTCTCTAACACTTTTATTAGCAAGTAGTATAGTAGAAGCAGGGGCTGGGACAGGTTGAACAGTTTACCCCCCTTTATCTTCTGGAATTGCTCATGCCGGGGCTTCCGTTGACTTAGCTATTTTTTCTCTTCATTTAGCAGGAATCTCTTCTATTTTAGGAGCTGTAAATTTTATTACAACTATTATTAATATACGATCTAATGGAATTACTTTTGATCGAATACCTTTATTTGTCTGATCTGTAGTTATTACAGCAATTTTACTTCTTTTATCTCTACCTGTTTTAGCTGGAGCTATTACAATATTATTAACAGATCGAAATTTAAATACATCTTTTTTTGACCCGGCAGGAGGTGGGGATCCTATTCTTTACCAACATTTATTC
107,AACTTTATATTTTATTTTTGGAGCTTGAGCAGGAATAGTAGGAACTTCCCTTAGTATACTAATTCGTGCCGAATTAGGCCACCCAGGGTCATTAATTGGAGATGATCAAATTTATAATGTTATTGTAACAGCACATGCTTTTATTATAATTTTTTTTATAGTTATACCAATTATAATTGGAGGATTTGGAAATTGATTAGTTCCTCTTATACTTGGAGCCCCAGATATGGCATTTCCTCGAATGAATAATATAAGCTTTTGAATATTACCCCCTTCTCTAACACTTTTATTAGCAAGTAGTATAGTAGAAGCAGGGGCTGGGACAGGTTGAACAGTTTACCCCCCTTTATCTTCTGGAATTGCTCATGCCGGGGCTTCCGTTGACTTAGCTATTTTTTCTCTTCATTTAGCAGGAATCTCTTCTATTTTAGGAGCTGTAAATTTTATTACAACTATTATTAATATACGATCTAATGGAATTACTTTTGATCGAATACCTTTATTTGTCTGATCTGTAGTTATTACAGCAATTTTACTTCTTTTATCTCTACCTGTTTTAGCTGGAGCTATTACAATATTATTAACAGATCGAAATTTAAATACATCTTTTTTTGACCCGGCAGGAGGTGGGGATCCTATTCTTTACCAACATTTATTC
108,AACTTTATATTTTATTTTTGGAGCTTGAGCAGGAATAGTAGGAACTTCCCTTAGTATACTAATTCGTGCCGAATTAGGCCACCCAGGGTCATTAATTGGAGATGATCAAATTTATAATGTTATTGTAACAGCACATGCTTTTATTATAATTTTTTTTATAGTTATACCAATTATAATTGGAGGATTTGGAAATTGATTAGTTCCTCTTATACTTGGAGCCCCAGATATGGCATTTCCTCGAATGAATAATATAAGCTTTTGAATATTACCCCCTTCTCTAACACTTTTATTAGCAAGTAGTATAGTAGAAGCAGGGGCTGGGACAGGTTGAACAGTTTACCCCCCTTTATCTTCTGGAATTGCTCATGCCGGGGCTTCCGTTGACTTAGCTATTTTTTCTCTTCATTTAGCAGGAATCTCTTCTATTTTAGGAGCTGTAAATTTTATTACAACTATTATTAATATACGATCTAATGGAATTACTTTTGATCGAATACCTTTATTTGTCTGATCTGTAGTTATTACAGCAATTTTACTTCTTTTATCTCTACCTGTTTTAGCTGGAGCTATTACAATATTATTAACAGATCGAAATTTAAATACATCTTTTTTTGACCCGGCAGGAGGTGGGGATCCTATTCTTTACCAACATTTATTC
109,AACTTTATATTTTATTTTTGGAGCTTGAGCAGGAATAGTAGGAACTTCCCTTAGTATACTAATTCGTGCCGAATTAGGCCACCCAGGGTCATTAATTGGAGATGATCAAATTTATAATGTTATTGTAACAGCACATGCTTTTATTATAATTTTTTTTATAGTTATACCAATTATAATTGGAGGATTTGGAAATTGATTAGTTCCTCTTATACTTGGAGCCCCAGATATGGCATTTCCTCGAATGAATAATATAAGCTTTTGAATATTACCTCCTTCTCTAACACTTTTATTAGCAAGTAGTATAGTAGAAGCAGGGGCTGGAACAGGTTGAACAGTTTACCCTCCTTTATCTTCTGGAATTGCTCATGCCGGGGCTTCCGTTGACTTAGCTATTTTTTCTCTTCATTTAGCAGGAATCTCTTCTATTTTAGGAGCTGTAAATTTTATTACAACTATTATTAATATACGATCTAATGGAATTACTTTTGATCGGATACCTTTATTTGTCTGATCTGTAGTTATTACAGCAATTTTACTTCTTTTATCTCTACCTGTTTTAGCTGGAGCTATTACAATATTATTAACAGATCGAAATTTAAATACATCTTTTTTTGACCCGGCAGGAGGTGGAGATCCTATTCTTTACCAACATTTATTC
110,AACTTTATATTTTATTTTTGGAGCTTGAGCAGGAATAGTAGGAACTTCCCTTAGTATACTAATTCGTGCCGAATTAGGCCACCCAGGGTCATTAATTGGAGATGATCAAATTTATAATGTTATTGTAACAGCACATGCTTTTATTATAATTTTTTTTATAGTTATACCAATTATAATTGGAGGATTTGGAAATTGATTAGTTCCTCTTATACTTGGAGCCCCAGATATAGCATTTCCTCGAATGAATAATATAAGCTTTTGAATATTACCCCCTTCTCTAACACTTTTATTAGCAAGTAGTATAGTAGAAGCAGGGGCTGGGACAGGTTGAACAGTTTACCCCCCTTTATCTTCTGGAATTGCTCATGCTGGAGCTTCCGTTGACTTAGCTATTTTTTCTCTTCATTTAGCAGGAATCTCTTCTATTTTAGGAGCTGTAAATTTTATTACAACTATTATTAATATACGATCTAATGGAATTACTTTTGATCGGATACCTTTATTTGTCTGATCTGTAGTTATTACAGCAATTTTACTTCTTTTATCTCTACCTGTTTTAGCTGGAGCTATTACAATATTATTAACAGATCGAAATTTAAATACATCTTTTTTTGATCCGGCAGGAGGTGGGGATCCTATTCTTTACCAACATTTATTC
111,AACTTTATATTTTATTTTTGGAGCTTGAGCAGGAATAGTAGGAACTTCCCTTAGTATACTAATTCGTGCCGAATTAGGCCACCCAGGGTCATTAATTGGAGATGATCAAATTTATAATGTTATTGTAACAGCACATGCTTTTATTATAATTTTTTTTATAGTTATACCAATTATAATTGGAGGATTTGGAAATTGATTAGTTCCTCTTATACTTGGAGCCCCAGATATGGCATTTCCTCGAATGAATAATATAAGCTTTTGAATATTACCCCCTTCTCTAACACTTTTATTAGCAAGTAGTATAGTAGAAGCAGGGGCTGGGACAGGTTGAACAGTTTACCCCCCTTTATCTTCTGGAATTGCTCATGCCGGGGCTTCCGTTGACTTAGCTATTTTTTCTCTTCATTTAGCAGGAATCTCTTCTATTTTAGGAGCTGTAAATTTTATTACAACTATTATTAATATACGATCTAATGGAATTACTTTTGATCGAATACCTTTATTTGTCTGATCTGTAGTTATTACAGCAATTTTACTTCTTTTATCTCTACCTGTTTTAGCTGGAGCTATTACAATATTATTAACAGATCGAAATTTAAATACATCTTTTTTTGACCCGGCAGGAGGTGGGGATCCTATTCTTTACCAACATTTATTC
112,AACTTTATATTTTATTTTTGGAGCTTGAGCAGGAATAGTAGGAACTTCCCTTAGTATACTAATTCGTGCCGAATTAGGCCACCCAGGGTCATTAATTGGAGATGATCAAATTTATAATGTTATTGTAACAGCACATGCTTTTATTATAATTTTTTTTATAGTTATACCAATTATAATTGGAGGATTTGGAAATTGATTAGTTCCTCTTATACTTGGAGCCCCAGATATGGCATTTCCTCGAATGAATAATATAAGCTTTTGAATATTACCCCCTTCTCTAACACTTTTATTAGCAAGTAGTATAGTAGAAGCAGGAGCTGGAACAGGTTGAACAGTTTACCCCCCTTTATCTTCTGGAATTGCTCATGCCGGGGCTTCCGTTGACTTAGCTATTTTTTCTCTTCATTTAGCAGGAATCTCTTCTATTTTAGGAGCTGTAAATTTTATTACAACTATTATTAATATACGATCTAATGGAATTACTTTTGATCGAATACCTTTATTTGTCTGATCTGTAGTTATTACAGCAATTTTACTTCTTTTATCTCTACCTGTTTTAGCTGGAGCTATTACAATATTATTAACAGATCGAAATTTAAATACATCTTTTTTTGACCCGGCAGGAGGTGGGGATCCTATTCTTTACCAACATTTATTC
113,AACTTTATATTTTATTTTTGGAGCTTGAGCAGGAATAGTAGGAACTTCCCTTAGTATACTAATTCGTGCCGAATTAGGCCACCCAGGGTCATTAATTGGAGATGATCAAATTTATAATGTTATTGTAACAGCACATGCTTTTATTATAATTTTTTTTATAGTTATACCAATTATAATTGGAGGATTTGGAAATTGATTAGTTCCTCTTATACTTGGAGCCCCAGATATGGCATTTCCTCGAATGAATAATATAAGCTTTTGAATATTACCCCCTTCTCTAACACTTTTATTAGCAAGTAGTATAGTAGAAGCAGGGGCTGGGACAGGTTGAACAGTTTACCCCCCTTTATCTTCTGGAATTGCTCATGCCGGGGCTTCCGTTGACTTAGCTATTTTTTCTCTTCATTTAGCAGGAATCTCTTCTATTTTAGGAGCTGTAAATTTTATTACAACTATTATTAATATACGATCTAATGGAATTACTTTTGATCGAATACCTTTATTTGTCTGATCTGTAGTTATTACAGCAATTTTACTTCTTTTATCTCTACCTGTTTTAGCTGGAGCTATTACAATATTATTAACAGATCGAAATTTAAATACATCTTTTTTTGACCCGGCAGGAGGTGGGGATCCTATTCTTTACCAACATTTATTC
114,AACTTTATATTTTATTTTTGGAGCTTGAGCAGGAATAGTAGGAACTTCCCTTAGTATACTAATTCGTGCCGAATTAGGCCACCCAGGGTCATTAATTGGAGATGATCAAATTTATAATGTTATTGTAACAGCACATGCTTTTATTATAATTTTTTTTATAGTTATACCAATTATAATTGGAGGATTTGGAAATTGATTAGTTCCTCTTATACTTGGAGCCCCAGATATGGCATTTCCTCGAATGAATAATATAAGCTTTTGAATATTACCCCCTTCTCTAACACTTTTATTAGCAAGTAGTATAGTAGAAGCAGGGGCTGGGACAGGTTGAACAGTTTACCCCCCTTTATCTTCTGGAATTGCTCATGCCGGGGCTTCCGTTGACTTAGCTATTTTTTCTCTTCATTTAGCAGGAATCTCTTCTATTTTAGGAGCTGTAAATTTTATTACAACTATTATTAATATACGATCTAATGGAATTACTTTTGATCGAATACCTTTATTTGTTTGATCTGTAGTTATTACAGCAATTTTACTTCTTTTATCTCTACCTGTTTTAGCTGGAGCTATTACAATATTATTAACAGATCGAAATTTAAATACATCTTTTTTTGACCCGGCAGGAGGTGGGGATCCTATTCTTTACCAACATTTATTC
115,AACTTTATATTTTATTTTTGGAGCTTGAGCAGGAATAGTAGGAACTTCCCTTAGTATACTAATTCGTGCCGAATTAGGCCACCCAGGGTCATTAATTGGAGATGATCAAATTTATAATGTTATTGTAACAGCACATGCTTTTATTATAATTTTTTTTATAGTTATACCAATTATAATTGGAGGATTTGGAAATTGATTAGTTCCTCTTATACTTGGAGCCCCAGATATGGCATTTCCTCGAATGAATAATATAAGCTTTTGAATATTACCCCCTTCTCTAACACTTTTATTAGCAAGTAGTATAGTAGAAGCAGGGGCTGGGACAGGTTGAACAGTTTACCCCCCTTTATCTTCTGGAATTGCTCATGCCGGGGCTTCCGTTGACTTAGCTATTTTTTCTCTTCATTTAGCAGGAATCTCTTCTATTTTAGGAGCTGTAAATTTTATTACAACTATTATTAATATACGATCTAATGGAATTACTTTTGATCGAATACCTTTATTTGTCTGATCTGTAGTTATTACAGCAATTTTACTTCTTTTATCTCTACCTGTTTTAGCTGGAGCTATTACAATATTATTAACAGATCGAAATTTAAATACATCTTTTTTTGACCCGGCAGGAGGTGGGGATCCTATTCTTTACCAACATTTATTC
116,AACTTTATATTTTATTTTTGGAGCTTGAGCAGGAATAGTAGGAACTTCCCTTAGTATACTAATTCGTGCCGAATTAGGCCACCCAGGGTCATTAATTGGAGATGATCAAATTTATAATGTTATTGTAACAGCACATGCTTTTATTATAATTTTTTTTATAGTTATACCAATTATAATTGGAGGATTTGGAAATTGATTAGTTCCTCTTATACTTGGAGCCCCAGATATGGCATTTCCTCGAATGAATAATATAAGCTTTTGAATGTTACCCCCTTCTCTAACACTTTTATTAGCAAGTAGTATAGTAGAAGCAGGGGCTGGGACAGGTTGAACAGTTTACCCCCCTTTATCTTCTGGAATTGCTCATGCCGGGGCTTCCGTTGACTTAGCTATTTTTTCTCTTCATTTAGCAGGAATCTCTTCTATTTTAGGAGCTGTAAATTTTATTACAACTATTATTAATATACGATCTAATGGAATTACTTTTGATCGAATACCTTTATTTGTCTGATCTGTAGTTATTACAGCGATTTTACTTCTTTTATCTCTACCTGTTTTAGCTGGAGCTATTACAATATTATTAACAGATCGAAATTTAAATACATCTTTTTTTGACCCGGCAGGAGGTGGGGATCCTATTCTTTACCAACATTTATTC
117,AACTTTATATTTTATTTTTGGAGCTTGAGCAGGAATAGTAGGAACTTCCCTTAGTATACTAATTCGTGCCGAATTAGGCCACCCAGGGTCATTAATTGGAGATGATCAAATTTATAATGTTATTGTAACAGCACATGCTTTTATTATAATTTTTTTTATAGTTATACCAATTATAATTGGAGGATTTGGAAATTGATTAGTTCCTCTTATACTTGGAGCCCCAGATATGGCATTTCCTCGAATGAATAATATAAGCTTTTGAATATTACCCCCTTCTCTAACACTTTTATTAGCAAGTAGTATAGTAGAAGCAGGGGCTGGGACAGGTTGAACAGTTTACCCTCCTTTATCTTCTGGAATTGCTCATGCCGGGGCTTCCGTTGACTTAGCTATTTTTTCTCTTCATTTAGCAGGAATCTCTTCTATTTTAGGAGCTGTAAATTTTATTACAACTATTATTAATATACGATCTAATGGAATTACTTTTGATCGAATACCTTTATTTGTCTGATCTGTAGTTATTACAGCAATTTTACTTCTTTTATCTCTACCTGTTTTAGCTGGAGCTATTACAATATTATTAACAGATCGAAATTTAAATACATCTTTTTTTGACCCGGCAGGAGGTGGGGATCCTATTCTTTACCAACATTTATTC
118,AACTTTATATTTTATTTTTGGAGCTTGAGCAGGAATAGTAGGAACTTCCCTTAGTATACTAATTCGTGCCGAATTAGGCCACCCAGGGTCATTAATTGGAGATGATCAAATTTATAATGTTATTGTAACAGCACATGCTTTTATTATAATTTTTTTTATAGTTATACCAATTATAATTGGAGGATTTGGAAATTGATTAGTTCCTCTTATACTTGGAGCCCCAGATATGGCATTTCCTCGAATGAATAATATAAGCTTTTGAATATTACCTCCTTCTCTAACACTTTTATTAGCAAGTAGTATAGTAGAAGCAGGGGCTGGGACAGGTTGAACAGTTTACCCCCCTTTATCTTCTGGAATTGCTCATGCCGGGGCTTCCGTTGACTTAGCTATTTTTTCTCTTCATTTAGCAGGAATCTCTTCTATTTTAGGAGCTGTAAATTTTATTACAACTATTATTAATATACGATCTAATGGAATTACTTTTGATCGAATACCTTTATTTGTCTGATCTGTAGTTATTACAGCAATTTTACTTCTTTTATCTCTACCTGTTTTAGCTGGAGCTATTACAATATTATTAACAGATCGAAATTTAAATACATCTTTTTTTGACCCGGCAGGAGGTGGGGATCCTATTCTTTACCAACATTTATTC
119,AACTTTATATTTTATTTTTGGAGCTTGAGCAGGAATAGTAGGAACTTCCCTTAGTATACTAATTCGTGCCGAATTAGGCCACCCAGGGTCATTAATTGGAGATGATCAAATTTATAATGTTATTGTAACAGCACATGCTTTTATTATAATTTTTTTTATAGTTATACCAATTATAATTGGAGGATTTGGAAATTGATTAGTTCCTCTTATACTTGGAGCCCCAGATATAGCATTTCCTCGAATGAATAATATAAGCTTTTGAATATTACCCCCTTCTCTAACACTTTTATTAGCAAGTAGTATAGTAGAAGCAGGGGCTGGGACAGGTTGAACAGTTTACCCCCCTTTATCTTCTGGAATTGCTCATGCTGGAGCTTCCGTTGACTTAGCTATTTTTTCTCTTCATTTAGCAGGAATCTCTTCTATTTTAGGAGCTGTAAATTTTATTACAACTATTATTAATATACGATCTAATGGAATTACTTTTGATCGGATACCTTTATTTGTCTGATCTGTAGTTATTACAGCAATTTTACTTCTTTTATCTCTACCTGTTTTAGCTGGAGCTATTACAATATTATTAACAGATCGAAATTTAAATACATCTTTTTTTGACCCGGCAGGAGGTGGGGATCCTATTCTTTACCAACATTTATTC
120,AACTTTATATTTTATTTTTGGAGCTTGAGCAGGAATAGTAGGAACTTCCCTTAGTATACTAATTCGTGCCGAATTAGGCCACCCAGGGTCATTAATTGGAGATGATCAAATTTATAATGTTATTGTAACAGCACATGCTTTTATTATAATTTTTTTTATAGTTATACCAATTATAATTGGAGGATTTGGAAATTGATTAGTTCCTCTTATACTTGGAGCCCCAGATATGGCATTTCCTCGAATGAATAATATAAGCTTTTGAATATTACCCCCTTCTCTAACACTTTTATTAGCAAGTAGTATAGTAGAAGCAGGGGCTGGGACAGGTTGAACAGTTTACCCCCCTTTATCTTCTGGAATTGCTCATGCCGGGGCTTCCGTTGACTTAGCTATTTTTTCTCTTCATTTAGCAGGAATCTCTTCTATTTTAGGAGCTGTAAATTTTATTACAACTATTATTAATATACGATCTAATGGGATTACTTTTGATCGAATACCTTTATTTGTCTGATCTGTAGTTATTACAGCAATTTTACTTCTTTTATCTCTACCTGTTTTAGCTGGAGCTATTACAATATTATTAACAGATCGAAATTTAAATACATCTTTTTTTGACCCGGCAGGAGGTGGGGATCCTATTCTTTACCAACATTTATTC
